/*
 Navicat Premium Data Transfer

 Source Server         : ZZH
 Source Server Type    : MySQL
 Source Server Version : 80029
 Source Host           : localhost:3306
 Source Schema         : mall

 Target Server Type    : MySQL
 Target Server Version : 80029
 File Encoding         : 65001

 Date: 17/04/2026 23:36:38
*/

SET NAMES utf8mb4;
SET FOREIGN_KEY_CHECKS = 0;

-- ----------------------------
-- Table structure for address
-- ----------------------------
DROP TABLE IF EXISTS `address`;
CREATE TABLE `address`  (
  `id` bigint NOT NULL AUTO_INCREMENT,
  `user_id` bigint NOT NULL,
  `receiver` varchar(64) CHARACTER SET utf8mb4 COLLATE utf8mb4_0900_ai_ci NOT NULL,
  `phone` varchar(32) CHARACTER SET utf8mb4 COLLATE utf8mb4_0900_ai_ci NOT NULL,
  `province` varchar(64) CHARACTER SET utf8mb4 COLLATE utf8mb4_0900_ai_ci NULL DEFAULT NULL,
  `city` varchar(64) CHARACTER SET utf8mb4 COLLATE utf8mb4_0900_ai_ci NULL DEFAULT NULL,
  `district` varchar(64) CHARACTER SET utf8mb4 COLLATE utf8mb4_0900_ai_ci NULL DEFAULT NULL,
  `detail` varchar(255) CHARACTER SET utf8mb4 COLLATE utf8mb4_0900_ai_ci NULL DEFAULT NULL,
  `is_default` tinyint NULL DEFAULT 0,
  `created_at` datetime NULL DEFAULT CURRENT_TIMESTAMP,
  `updated_at` datetime NULL DEFAULT CURRENT_TIMESTAMP ON UPDATE CURRENT_TIMESTAMP,
  `deleted` tinyint NULL DEFAULT 0,
  PRIMARY KEY (`id`) USING BTREE
) ENGINE = InnoDB AUTO_INCREMENT = 2041925183647805443 CHARACTER SET = utf8mb4 COLLATE = utf8mb4_0900_ai_ci ROW_FORMAT = DYNAMIC;

-- ----------------------------
-- Records of address
-- ----------------------------
INSERT INTO `address` VALUES (1, 1, '管理员', '13800000000', '上海', '上海', '浦东新区', '世纪大道100号', 1, '2026-03-02 22:04:05', '2026-03-02 22:04:05', 0);
INSERT INTO `address` VALUES (2033219273916276737, 2030576699044843522, '丁真', '17817356861', '广东', '广州', '天河', '丁真珍珠小区', 1, '2026-03-16 00:30:25', '2026-04-09 01:02:51', 1);
INSERT INTO `address` VALUES (2033219521682202625, 2030576699044843522, '孙笑川', '6666', '广东', '佛山', '南海', '佛山大学日本人宿舍', 0, '2026-03-16 00:31:24', '2026-04-09 01:02:40', 1);
INSERT INTO `address` VALUES (2033565137729863681, 2030576699044843522, '123', '1231', 'ee', 'asd', '阿松大', '烦烦烦方法', 0, '2026-03-16 23:24:45', '2026-04-09 01:02:37', 1);
INSERT INTO `address` VALUES (2034019007396425730, 2030576699044843522, '丁真珍珠', '123', '呃呃呃', '啊实打实的', '啊打发士大夫发', '哈哈哈哈', 0, '2026-03-18 05:28:16', '2026-04-09 01:02:35', 1);
INSERT INTO `address` VALUES (2041426145410895873, 2041424985891360770, 'awd', 'awd', 'awd', 'awd', 'ad', 'sfasfaf', 1, '2026-04-07 16:01:36', '2026-04-07 16:01:36', 0);
INSERT INTO `address` VALUES (2041426247668027394, 2041424985891360770, 'zsc', '担任该校的v广东省', 'szcxdv', 'xdvczc', 'xdvzdcv', 'zsczsc', 0, '2026-04-07 16:02:00', '2026-04-07 16:02:00', 0);
INSERT INTO `address` VALUES (2041924924360126466, 2030576699044843522, '张三', '178173566666', '广东省', '广州市', '天河区', '车陂南路13号', 0, '2026-04-09 01:03:34', '2026-04-17 12:41:38', 0);
INSERT INTO `address` VALUES (2041925183647805442, 2030576699044843522, '李四', '13533369999', '广东省', '佛山市', '南海区', '佛山大学仙溪校区北区', 0, '2026-04-09 01:04:36', '2026-04-17 01:16:17', 0);
INSERT INTO `address` VALUES (2044821761064796162, 2030576699044843522, '奥委会决定', '15845678904', '广东省', '佛山市', '高明区', '11111111111111111111111111111', 0, '2026-04-17 00:54:33', '2026-04-17 01:16:20', 0);
INSERT INTO `address` VALUES (2044999675479609345, 2030576699044843522, '李思思', '1588830235', '广东省', '佛山市', '顺德区', '111111111111', 1, '2026-04-17 12:41:32', '2026-04-17 12:41:38', 0);

-- ----------------------------
-- Table structure for after_sale
-- ----------------------------
DROP TABLE IF EXISTS `after_sale`;
CREATE TABLE `after_sale`  (
  `id` bigint NOT NULL AUTO_INCREMENT,
  `order_id` bigint NOT NULL COMMENT '订单ID',
  `order_no` varchar(64) CHARACTER SET utf8mb4 COLLATE utf8mb4_0900_ai_ci NOT NULL COMMENT '订单编号',
  `user_id` bigint NOT NULL COMMENT '申请用户ID',
  `type` varchar(32) CHARACTER SET utf8mb4 COLLATE utf8mb4_0900_ai_ci NOT NULL COMMENT '售后类型：REFUND仅退款、RETURN_REFUND退货退款',
  `reason` varchar(255) CHARACTER SET utf8mb4 COLLATE utf8mb4_0900_ai_ci NULL DEFAULT NULL COMMENT '申请原因',
  `description` varchar(1000) CHARACTER SET utf8mb4 COLLATE utf8mb4_0900_ai_ci NULL DEFAULT NULL COMMENT '申请说明',
  `status` varchar(32) CHARACTER SET utf8mb4 COLLATE utf8mb4_0900_ai_ci NOT NULL COMMENT '状态：PENDING待审核、APPROVED已通过、REJECTED已拒绝',
  `admin_remark` varchar(500) CHARACTER SET utf8mb4 COLLATE utf8mb4_0900_ai_ci NULL DEFAULT NULL COMMENT '管理员审核备注',
  `created_at` datetime NULL DEFAULT CURRENT_TIMESTAMP,
  `updated_at` datetime NULL DEFAULT CURRENT_TIMESTAMP ON UPDATE CURRENT_TIMESTAMP,
  `deleted` tinyint NULL DEFAULT 0,
  PRIMARY KEY (`id`) USING BTREE,
  UNIQUE INDEX `uk_after_sale_order_deleted`(`order_id`, `deleted`) USING BTREE,
  INDEX `idx_after_sale_user_id`(`user_id`) USING BTREE,
  INDEX `idx_after_sale_status`(`status`) USING BTREE
) ENGINE = InnoDB AUTO_INCREMENT = 2042179253985898499 CHARACTER SET = utf8mb4 COLLATE = utf8mb4_0900_ai_ci COMMENT = '售后申请表' ROW_FORMAT = DYNAMIC;

-- ----------------------------
-- Records of after_sale
-- ----------------------------
INSERT INTO `after_sale` VALUES (2040903669834182657, 2040891800188628994, '20260406043817782307', 2030576699044843522, 'REFUND', '不要了', '买错了', 'REJECTED', '不准。', '2026-04-06 05:25:28', '2026-04-06 05:25:28', 0);
INSERT INTO `after_sale` VALUES (2040904288208809986, 2040903881415847937, '20260406052618509734', 2030576699044843522, 'REFUND', '不要了', '买多了', 'APPROVED', '', '2026-04-06 05:27:55', '2026-04-06 05:27:55', 0);
INSERT INTO `after_sale` VALUES (2040904393435508737, 2040903960935657473, '20260406052637852811', 2030576699044843522, 'RETURN_REFUND', '太丑了', '不要了', 'REJECTED', '不准。', '2026-04-06 05:28:20', '2026-04-06 05:28:20', 0);
INSERT INTO `after_sale` VALUES (2040925899070672897, 2040925829797548034, '20260406065331938765', 2030576699044843522, 'REFUND', '不要了', 'no', 'COMPLETED', NULL, '2026-04-06 06:53:48', '2026-04-06 06:53:48', 0);
INSERT INTO `after_sale` VALUES (2040926364659388418, 2040926156823236610, '20260406065449586722', 2030576699044843522, 'REFUND', '坏', NULL, 'COMPLETED', NULL, '2026-04-06 06:55:39', '2026-04-06 06:55:39', 0);
INSERT INTO `after_sale` VALUES (2040926956987387906, 2040926775176892418, '20260406065716684118', 2030576699044843522, 'RETURN_REFUND', 'bad', NULL, 'COMPLETED', NULL, '2026-04-06 06:58:00', '2026-04-06 06:58:00', 0);
INSERT INTO `after_sale` VALUES (2040946344771842049, 2040946219970326529, '20260406081432806890', 2030576699044843522, 'REFUND', '不想要了', NULL, 'COMPLETED', NULL, '2026-04-06 08:15:02', '2026-04-06 08:15:02', 0);
INSERT INTO `after_sale` VALUES (2040947907531763713, 2040946569771085825, '20260406081555478301', 2030576699044843522, 'RETURN_REFUND', '不好', NULL, 'RETURNED', NULL, '2026-04-06 08:21:15', '2026-04-06 08:21:15', 0);
INSERT INTO `after_sale` VALUES (2040948012624244738, 2040946659042652161, '20260406081617554205', 2030576699044843522, 'RETURN_REFUND', '扎西德勒', NULL, 'RETURNED', NULL, '2026-04-06 08:21:40', '2026-04-06 08:21:40', 0);
INSERT INTO `after_sale` VALUES (2042179253985898498, 2041946430960070658, '20260409022901346544', 2030576699044843522, 'REFUND', '不想要了', '不好穿', 'PENDING', NULL, '2026-04-09 17:54:11', '2026-04-09 17:54:11', 0);

-- ----------------------------
-- Table structure for cart_item
-- ----------------------------
DROP TABLE IF EXISTS `cart_item`;
CREATE TABLE `cart_item`  (
  `id` bigint NOT NULL AUTO_INCREMENT,
  `user_id` bigint NOT NULL,
  `sku_id` bigint NOT NULL,
  `quantity` int NOT NULL,
  `created_at` datetime NULL DEFAULT CURRENT_TIMESTAMP,
  `updated_at` datetime NULL DEFAULT CURRENT_TIMESTAMP ON UPDATE CURRENT_TIMESTAMP,
  `deleted` tinyint NULL DEFAULT 0,
  PRIMARY KEY (`id`) USING BTREE,
  UNIQUE INDEX `uk_cart_user_sku_deleted`(`user_id`, `sku_id`, `deleted`) USING BTREE
) ENGINE = InnoDB AUTO_INCREMENT = 2041924588505427970 CHARACTER SET = utf8mb4 COLLATE = utf8mb4_0900_ai_ci ROW_FORMAT = DYNAMIC;

-- ----------------------------
-- Records of cart_item
-- ----------------------------
INSERT INTO `cart_item` VALUES (1, 1, 1, 7, '2026-03-02 22:19:21', '2026-03-04 01:52:01', 1);
INSERT INTO `cart_item` VALUES (2029652025184043009, 1, 2, 0, '2026-03-06 04:15:27', '2026-03-06 04:15:27', 0);
INSERT INTO `cart_item` VALUES (2030573479018991618, 1, 44, 1, '2026-03-08 17:16:58', '2026-03-08 17:16:58', 0);
INSERT INTO `cart_item` VALUES (2030573549298749441, 1, 29, 1, '2026-03-08 17:17:15', '2026-03-08 17:26:10', 1);
INSERT INTO `cart_item` VALUES (2030644483481194497, 2030576699044843522, 44, 1, '2026-03-08 21:59:07', '2026-03-15 21:29:47', 1);
INSERT INTO `cart_item` VALUES (2033188256568311810, 2030576699044843522, 2033172051203719175, 1, '2026-03-15 22:27:10', '2026-03-17 00:09:01', 1);
INSERT INTO `cart_item` VALUES (2033191203280781314, 2030576699044843522, 2033172051270828034, 1, '2026-03-15 22:38:52', '2026-03-17 00:09:01', 1);
INSERT INTO `cart_item` VALUES (2033577031207292930, 2030576699044843522, 2033172051203719174, 1, '2026-03-17 00:12:01', '2026-03-17 00:12:07', 1);
INSERT INTO `cart_item` VALUES (2033577172605669378, 2030576699044843522, 2033172051270828038, 1, '2026-03-17 00:12:35', '2026-03-17 00:35:34', 1);
INSERT INTO `cart_item` VALUES (2033577186761445377, 2030576699044843522, 2033172051203719176, 1, '2026-03-17 00:12:38', '2026-03-17 00:35:34', 1);
INSERT INTO `cart_item` VALUES (2033577216167710721, 2030576699044843522, 2033172051203719170, 1, '2026-03-17 00:12:45', '2026-03-17 19:26:53', 1);
INSERT INTO `cart_item` VALUES (2034171875608760322, 2030576699044843522, 2033172051203719171, 3, '2026-03-18 15:35:43', '2026-03-18 15:35:51', 1);
INSERT INTO `cart_item` VALUES (2044998694037639169, 2030576699044843522, 920102, 1, '2026-04-17 12:37:38', '2026-04-17 12:37:38', 0);

-- ----------------------------
-- Table structure for category
-- ----------------------------
DROP TABLE IF EXISTS `category`;
CREATE TABLE `category`  (
  `id` bigint NOT NULL AUTO_INCREMENT,
  `name` varchar(128) CHARACTER SET utf8mb4 COLLATE utf8mb4_0900_ai_ci NOT NULL,
  `parent_id` bigint NULL DEFAULT 0,
  `sort` int NULL DEFAULT 0,
  `status` varchar(16) CHARACTER SET utf8mb4 COLLATE utf8mb4_0900_ai_ci NOT NULL,
  `created_at` datetime NULL DEFAULT CURRENT_TIMESTAMP,
  `updated_at` datetime NULL DEFAULT CURRENT_TIMESTAMP ON UPDATE CURRENT_TIMESTAMP,
  `deleted` tinyint NULL DEFAULT 0,
  PRIMARY KEY (`id`) USING BTREE
) ENGINE = InnoDB AUTO_INCREMENT = 2042180663662112771 CHARACTER SET = utf8mb4 COLLATE = utf8mb4_0900_ai_ci ROW_FORMAT = DYNAMIC;

-- ----------------------------
-- Records of category
-- ----------------------------
INSERT INTO `category` VALUES (1, '牛仔裤', 0, 1, 'ON', '2026-03-02 22:04:05', '2026-04-17 01:13:24', 0);
INSERT INTO `category` VALUES (2, '工装裤', 0, 2, 'ON', '2026-03-02 22:04:05', '2026-03-02 22:04:05', 0);
INSERT INTO `category` VALUES (2031456806529724418, '直筒裤', 0, 10, 'ON', '2026-03-11 03:47:00', '2026-04-17 00:29:41', 0);
INSERT INTO `category` VALUES (2042180448225882114, '休闲裤', 0, 3, 'ON', '2026-04-09 17:58:55', '2026-04-09 17:58:55', 0);
INSERT INTO `category` VALUES (2042180663662112770, '紧身裤', 0, 4, 'ON', '2026-04-09 17:59:47', '2026-04-09 17:59:47', 0);

-- ----------------------------
-- Table structure for favorite
-- ----------------------------
DROP TABLE IF EXISTS `favorite`;
CREATE TABLE `favorite`  (
  `id` bigint NOT NULL AUTO_INCREMENT,
  `user_id` bigint NOT NULL,
  `spu_id` bigint NOT NULL,
  `created_at` datetime NULL DEFAULT CURRENT_TIMESTAMP,
  `updated_at` datetime NULL DEFAULT CURRENT_TIMESTAMP ON UPDATE CURRENT_TIMESTAMP,
  `deleted` tinyint NULL DEFAULT 0,
  PRIMARY KEY (`id`) USING BTREE,
  UNIQUE INDEX `uk_user_spu`(`user_id`, `spu_id`) USING BTREE
) ENGINE = InnoDB AUTO_INCREMENT = 2041924529214746626 CHARACTER SET = utf8mb4 COLLATE = utf8mb4_general_ci ROW_FORMAT = DYNAMIC;

-- ----------------------------
-- Records of favorite
-- ----------------------------
INSERT INTO `favorite` VALUES (2029537650821517313, 1, 1, '2026-03-05 20:40:58', '2026-03-08 17:53:49', 1);
INSERT INTO `favorite` VALUES (2031532726938517506, 2030576699044843522, 1, '2026-03-11 08:48:41', '2026-03-11 08:48:41', 0);
INSERT INTO `favorite` VALUES (2033152445055500290, 2030576699044843522, 2030695782251810800, '2026-03-15 20:04:52', '2026-04-17 00:34:54', 1);
INSERT INTO `favorite` VALUES (2033152532041170946, 2030576699044843522, 2, '2026-03-15 20:05:12', '2026-03-15 20:05:12', 0);
INSERT INTO `favorite` VALUES (2034171633932963841, 2030576699044843522, 2031529721216385026, '2026-03-18 15:34:45', '2026-03-18 15:34:45', 0);
INSERT INTO `favorite` VALUES (2039606992577875969, 2030576699044843522, 9201, '2026-04-02 15:32:56', '2026-04-02 15:32:56', 0);
INSERT INTO `favorite` VALUES (2041427589857890305, 2041424985891360770, 9203, '2026-04-07 16:07:20', '2026-04-07 16:07:41', 1);
INSERT INTO `favorite` VALUES (2041428450906558466, 2041424985891360770, 9208, '2026-04-07 16:10:45', '2026-04-07 16:10:45', 0);
INSERT INTO `favorite` VALUES (2041924529214746625, 2030576699044843522, 9204, '2026-04-09 01:02:00', '2026-04-17 00:34:57', 1);
INSERT INTO `favorite` VALUES (2044816736712228865, 2030576699044843522, 5003, '2026-04-17 00:34:36', '2026-04-17 00:34:37', 1);
INSERT INTO `favorite` VALUES (2044821376317095937, 2030576699044843522, 9208, '2026-04-17 00:53:02', '2026-04-17 00:53:07', 1);
INSERT INTO `favorite` VALUES (2044822367103975426, 2030576699044843522, 5011, '2026-04-17 00:56:58', '2026-04-17 00:57:31', 1);

-- ----------------------------
-- Table structure for order_info
-- ----------------------------
DROP TABLE IF EXISTS `order_info`;
CREATE TABLE `order_info`  (
  `id` bigint NOT NULL AUTO_INCREMENT,
  `order_no` varchar(64) CHARACTER SET utf8mb4 COLLATE utf8mb4_0900_ai_ci NOT NULL,
  `user_id` bigint NOT NULL,
  `total_amount` decimal(10, 2) NOT NULL,
  `status` varchar(16) CHARACTER SET utf8mb4 COLLATE utf8mb4_0900_ai_ci NOT NULL,
  `address_snapshot` text CHARACTER SET utf8mb4 COLLATE utf8mb4_0900_ai_ci NULL,
  `remark` varchar(255) CHARACTER SET utf8mb4 COLLATE utf8mb4_0900_ai_ci NULL DEFAULT NULL,
  `created_at` datetime NULL DEFAULT CURRENT_TIMESTAMP,
  `updated_at` datetime NULL DEFAULT CURRENT_TIMESTAMP ON UPDATE CURRENT_TIMESTAMP,
  `deleted` tinyint NULL DEFAULT 0,
  `paid_at` datetime NULL DEFAULT NULL,
  PRIMARY KEY (`id`) USING BTREE,
  UNIQUE INDEX `uk_order_no_deleted`(`order_no`, `deleted`) USING BTREE
) ENGINE = InnoDB AUTO_INCREMENT = 2041946430960070659 CHARACTER SET = utf8mb4 COLLATE = utf8mb4_0900_ai_ci ROW_FORMAT = DYNAMIC;

-- ----------------------------
-- Records of order_info
-- ----------------------------
INSERT INTO `order_info` VALUES (2028528742401277953, '20260303015155824077', 1, 199.00, 'CANCELED', '管理员，13800000000，上海上海浦东新区世纪大道100号', NULL, '2026-03-03 01:51:55', '2026-03-03 01:51:55', 0, NULL);
INSERT INTO `order_info` VALUES (2028531625251274754, '20260303020322985267', 1, 398.00, 'CANCELED', '管理员，13800000000，上海上海浦东新区世纪大道100号', NULL, '2026-03-03 02:03:22', '2026-03-03 02:03:22', 0, NULL);
INSERT INTO `order_info` VALUES (2028712264059523074, '20260303140110333688', 1, 199.00, 'CANCELED', '管理员，13800000000，上海上海浦东新区世纪大道100号', NULL, '2026-03-03 14:01:10', '2026-03-03 14:01:10', 0, NULL);
INSERT INTO `order_info` VALUES (2028720243928379394, '20260303143252299329', 1, 199.00, 'CANCELED', '管理员，13800000000，上海上海浦东新区世纪大道100号', NULL, '2026-03-03 14:32:53', '2026-03-03 14:32:53', 0, NULL);
INSERT INTO `order_info` VALUES (2028724219654615041, '20260303144840968447', 1, 398.00, 'CANCELED', '管理员，13800000000，上海上海浦东新区世纪大道100号', NULL, '2026-03-03 14:48:40', '2026-03-03 14:48:40', 0, NULL);
INSERT INTO `order_info` VALUES (2028739814907437058, '20260303155038490176', 1, 398.00, 'CANCELED', '管理员，13800000000，上海上海浦东新区世纪大道100号', NULL, '2026-03-03 15:50:39', '2026-03-03 15:50:39', 0, NULL);
INSERT INTO `order_info` VALUES (2028741480893374466, '20260303155715620788', 1, 398.00, 'CANCELED', '管理员，13800000000，上海上海浦东新区世纪大道100号', NULL, '2026-03-03 15:57:16', '2026-03-03 15:57:16', 0, NULL);
INSERT INTO `order_info` VALUES (2028755561691996161, '20260303165313931027', 1, 199.00, 'CANCELED', '管理员，13800000000，上海上海浦东新区世纪大道100号', NULL, '2026-03-03 16:53:13', '2026-03-03 16:53:13', 0, NULL);
INSERT INTO `order_info` VALUES (2028758239562162177, '20260303170351920161', 1, 199.00, 'CANCELED', '管理员，13800000000，上海上海浦东新区世纪大道100号', NULL, '2026-03-03 17:03:51', '2026-03-03 17:03:51', 0, NULL);
INSERT INTO `order_info` VALUES (2028794237348175873, '20260303192654811414', 1, 199.00, 'CANCELED', '管理员，13800000000，上海上海浦东新区世纪大道100号', NULL, '2026-03-03 19:26:54', '2026-03-03 19:26:54', 0, NULL);
INSERT INTO `order_info` VALUES (2028797219649314818, '20260303193845453541', 1, 199.00, 'CANCELED', '管理员，13800000000，上海上海浦东新区世纪大道100号', NULL, '2026-03-03 19:38:45', '2026-03-03 19:38:45', 0, NULL);
INSERT INTO `order_info` VALUES (2028797940486594562, '20260303194136472448', 1, 199.00, 'CANCELED', '管理员，13800000000，上海上海浦东新区世纪大道100号', NULL, '2026-03-03 19:41:37', '2026-03-03 19:41:37', 0, NULL);
INSERT INTO `order_info` VALUES (2028810057583386626, '20260303202945826818', 1, 199.00, 'CANCELED', '管理员，13800000000，上海上海浦东新区世纪大道100号', NULL, '2026-03-03 20:29:46', '2026-03-03 20:29:46', 0, NULL);
INSERT INTO `order_info` VALUES (2028822251775713281, '20260303211813181317', 1, 199.00, 'CANCELED', '管理员，13800000000，上海上海浦东新区世纪大道100号', NULL, '2026-03-03 21:18:13', '2026-03-03 21:18:13', 0, NULL);
INSERT INTO `order_info` VALUES (2028830987714027521, '20260303215255588368', 1, 199.00, 'CANCELED', '管理员，13800000000，上海上海浦东新区世纪大道100号', NULL, '2026-03-03 21:52:56', '2026-03-03 21:52:56', 0, NULL);
INSERT INTO `order_info` VALUES (2028880338960220161, '20260304010902895633', 1, 199.00, 'CANCELED', '管理员，13800000000，上海上海浦东新区世纪大道100号', NULL, '2026-03-04 01:09:02', '2026-03-04 01:09:02', 0, NULL);
INSERT INTO `order_info` VALUES (2028891157865365505, '20260304015201534056', 1, 199.00, 'CANCELED', '管理员，13800000000，上海上海浦东新区世纪大道100号', NULL, '2026-03-04 01:52:02', '2026-03-04 01:52:02', 0, NULL);
INSERT INTO `order_info` VALUES (2029078917683298306, '20260304141807779982', 1, 199.00, 'FINISHED', '管理员，13800000000，上海上海浦东新区世纪大道100号', NULL, '2026-03-11 05:47:00', '2026-03-11 05:47:00', 0, NULL);
INSERT INTO `order_info` VALUES (2029157279554498562, '20260304192930527883', 1, 199.00, 'CANCELED', '管理员，13800000000，上海上海浦东新区世纪大道100号', NULL, '2026-03-04 19:29:30', '2026-03-04 19:29:30', 0, NULL);
INSERT INTO `order_info` VALUES (2029654397226532866, '20260306042452302481', 1, 199.00, 'CANCELED', '管理员，13800000000，上海上海浦东新区世纪大道100号', NULL, '2026-03-06 04:24:52', '2026-03-06 04:24:52', 0, NULL);
INSERT INTO `order_info` VALUES (2029659732012122113, '20260306044604268382', 1, 398.00, 'CANCELED', '管理员，13800000000，上海上海浦东新区世纪大道100号', NULL, '2026-03-06 04:46:04', '2026-03-06 04:46:04', 0, NULL);
INSERT INTO `order_info` VALUES (2029659774726914049, '20260306044614774232', 1, 398.00, 'CANCELED', '管理员，13800000000，上海上海浦东新区世纪大道100号', NULL, '2026-03-06 04:46:14', '2026-03-06 04:46:14', 0, NULL);
INSERT INTO `order_info` VALUES (2029660338336514050, '20260306044828488222', 1, 398.00, 'CANCELED', '管理员，13800000000，上海上海浦东新区世纪大道100号', NULL, '2026-03-06 04:48:29', '2026-03-06 04:48:29', 0, NULL);
INSERT INTO `order_info` VALUES (2029660355411525633, '20260306044832521656', 1, 398.00, 'CANCELED', '管理员，13800000000，上海上海浦东新区世纪大道100号', NULL, '2026-03-06 04:48:33', '2026-03-06 04:48:33', 0, NULL);
INSERT INTO `order_info` VALUES (2029662868948860930, '20260306045831506245', 1, 597.00, 'CANCELED', '管理员，13800000000，上海上海浦东新区世纪大道100号', NULL, '2026-03-06 04:58:32', '2026-03-06 04:58:32', 0, NULL);
INSERT INTO `order_info` VALUES (2029810737056006146, '20260306144606327944', 1, 597.00, 'CANCELED', '管理员，13800000000，上海上海浦东新区世纪大道100号', NULL, '2026-03-06 14:46:06', '2026-03-06 14:46:06', 0, NULL);
INSERT INTO `order_info` VALUES (2029821064304869378, '20260306152708881957', 1, 796.00, 'FINISHED', '管理员，13800000000，上海上海浦东新区世纪大道100号', NULL, '2026-03-06 15:27:09', '2026-03-06 15:27:09', 0, NULL);
INSERT INTO `order_info` VALUES (2029897635631939586, '20260306203124552526', 1, 995.00, 'CANCELED', '管理员，13800000000，上海上海浦东新区世纪大道100号', NULL, '2026-03-06 20:31:25', '2026-03-06 20:31:25', 0, NULL);
INSERT INTO `order_info` VALUES (2029900462932574210, '20260306204238908844', 1, 995.00, 'CANCELED', '管理员，13800000000，上海上海浦东新区世纪大道100号', NULL, '2026-03-06 20:42:39', '2026-03-06 20:42:39', 0, NULL);
INSERT INTO `order_info` VALUES (2033275140254588930, '20260316041224970150', 2030576699044843522, 597.00, 'CANCELED', '丁真，17817356861，广东广州天河丁真珍珠小区', NULL, '2026-03-16 04:12:25', '2026-03-16 04:12:25', 0, NULL);
INSERT INTO `order_info` VALUES (2033483320544837634, '20260316175938703403', 2030576699044843522, 597.00, 'CANCELED', '丁真，17817356861，广东广州天河丁真珍珠小区', NULL, '2026-03-16 17:59:39', '2026-03-16 17:59:39', 0, NULL);
INSERT INTO `order_info` VALUES (2033483464757592065, '20260316180012754867', 2030576699044843522, 597.00, 'CANCELED', '丁真，17817356861，广东广州天河丁真珍珠小区', NULL, '2026-03-16 18:00:13', '2026-03-16 18:00:13', 0, NULL);
INSERT INTO `order_info` VALUES (2033564391240220674, '20260316232147596626', 2030576699044843522, 597.00, 'CANCELED', '丁真，17817356861，广东广州天河丁真珍珠小区', NULL, '2026-03-16 23:21:47', '2026-03-16 23:21:47', 0, NULL);
INSERT INTO `order_info` VALUES (2033571036204744706, '20260316234811732081', 2030576699044843522, 597.00, 'CANCELED', '丁真，17817356861，广东广州天河丁真珍珠小区', NULL, '2026-03-16 23:48:12', '2026-03-16 23:48:12', 0, NULL);
INSERT INTO `order_info` VALUES (2033576278321336321, '20260317000901806016', 2030576699044843522, 597.00, 'CANCELED', '丁真，17817356861，广东广州天河丁真珍珠小区', NULL, '2026-03-17 00:09:01', '2026-03-17 00:09:01', 0, NULL);
INSERT INTO `order_info` VALUES (2033577059124580354, '20260317001207617987', 2030576699044843522, 388.00, 'CANCELED', '孙笑川，6666，广东佛山南海佛山大学日本人宿舍', NULL, '2026-03-17 00:12:08', '2026-03-17 00:12:08', 0, NULL);
INSERT INTO `order_info` VALUES (2033582959080050690, '20260317003534740734', 2030576699044843522, 388.00, 'CANCELED', '丁真，17817356861，广东广州天河丁真珍珠小区', NULL, '2026-03-17 00:35:34', '2026-03-17 00:35:34', 0, NULL);
INSERT INTO `order_info` VALUES (2033867666732683265, '20260317192653754087', 2030576699044843522, 199.00, 'FINISHED', '丁真，17817356861，广东广州天河丁真珍珠小区', NULL, '2026-03-17 19:26:54', '2026-03-17 19:26:54', 0, '2026-03-17 19:27:04');
INSERT INTO `order_info` VALUES (2033878595230797826, '20260317201019937452', 2030576699044843522, 199.00, 'CANCELED', '丁真，17817356861，广东广州天河丁真珍珠小区', NULL, '2026-03-17 20:10:19', '2026-03-17 20:10:19', 0, NULL);
INSERT INTO `order_info` VALUES (2033997335062687746, '20260318040209679126', 2030576699044843522, 508.00, 'CANCELED', '丁真，17817356861，广东广州天河丁真珍珠小区', NULL, '2026-03-18 04:02:09', '2026-03-18 04:02:09', 0, NULL);
INSERT INTO `order_info` VALUES (2034004609000845313, '20260318043103322144', 2030576699044843522, 299.00, 'CANCELED', '丁真，17817356861，广东广州天河丁真珍珠小区', NULL, '2026-03-18 04:31:03', '2026-03-18 04:31:03', 0, NULL);
INSERT INTO `order_info` VALUES (2034018200735297537, '20260318052503117723', 2030576699044843522, 299.00, 'PAID', '丁真，17817356861，广东广州天河丁真珍珠小区', NULL, '2026-03-18 05:25:04', '2026-03-18 05:25:04', 0, '2026-03-18 05:25:09');
INSERT INTO `order_info` VALUES (2034018656006025217, '20260318052652543888', 2030576699044843522, 999.00, 'CANCELED', '丁真，17817356861，广东广州天河丁真珍珠小区', NULL, '2026-03-18 05:26:52', '2026-03-18 05:26:52', 0, NULL);
INSERT INTO `order_info` VALUES (2034171692690968577, '20260318153459264688', 2030576699044843522, 299.00, 'CANCELED', '丁真，17817356861，广东广州天河丁真珍珠小区', NULL, '2026-03-18 15:34:59', '2026-03-18 15:34:59', 0, NULL);
INSERT INTO `order_info` VALUES (2034172087525969922, '20260318153633136137', 2030576699044843522, 199.00, 'FINISHED', '丁真，17817356861，广东广州天河丁真珍珠小区', NULL, '2026-03-18 15:36:33', '2026-03-18 15:36:33', 0, '2026-03-18 15:36:38');
INSERT INTO `order_info` VALUES (2034174443185508354, '20260318154555683725', 2030576699044843522, 99.00, 'CANCELED', '丁真，17817356861，广东广州天河丁真珍珠小区', NULL, '2026-03-18 15:45:55', '2026-03-18 15:45:55', 0, NULL);
INSERT INTO `order_info` VALUES (2034174614698987521, '20260318154635116434', 2030576699044843522, 99.00, 'FINISHED', '丁真，17817356861，广东广州天河丁真珍珠小区', NULL, '2026-03-18 15:46:36', '2026-03-18 15:46:36', 0, '2026-03-18 15:46:42');
INSERT INTO `order_info` VALUES (2034174718826778626, '20260318154700835271', 2030576699044843522, 99.00, 'FINISHED', '丁真，17817356861，广东广州天河丁真珍珠小区', NULL, '2026-03-18 15:47:01', '2026-03-18 15:47:01', 0, '2026-03-18 15:47:08');
INSERT INTO `order_info` VALUES (2034174895708966913, '20260318154742361758', 2030576699044843522, 99.00, 'CANCELED', '丁真，17817356861，广东广州天河丁真珍珠小区', NULL, '2026-03-18 15:47:43', '2026-03-18 15:47:43', 0, NULL);
INSERT INTO `order_info` VALUES (2034264120366215170, '20260318214215356999', 2030576699044843522, 99.00, 'FINISHED', '丁真，17817356861，广东广州天河丁真珍珠小区', NULL, '2026-03-18 21:42:16', '2026-03-18 21:42:16', 0, '2026-03-18 21:42:36');
INSERT INTO `order_info` VALUES (2034264423996076034, '20260318214328333101', 2030576699044843522, 299.00, 'FINISHED', '丁真，17817356861，广东广州天河丁真珍珠小区', NULL, '2026-03-18 21:43:28', '2026-03-18 21:43:28', 0, '2026-03-18 21:43:36');
INSERT INTO `order_info` VALUES (2034264498650492930, '20260318214345388257', 2030576699044843522, 299.00, 'FINISHED', '丁真，17817356861，广东广州天河丁真珍珠小区', NULL, '2026-03-18 21:43:46', '2026-03-18 21:43:46', 0, '2026-03-18 21:43:50');
INSERT INTO `order_info` VALUES (2034267506281033730, '20260318215543362586', 2030576699044843522, 199.00, 'CANCELED', '丁真，17817356861，广东广州天河丁真珍珠小区', NULL, '2026-03-18 21:55:43', '2026-03-18 21:55:43', 0, NULL);
INSERT INTO `order_info` VALUES (2034267999967391746, '20260318215740194147', 2030576699044843522, 299.00, 'CANCELED', '丁真，17817356861，广东广州天河丁真珍珠小区', NULL, '2026-03-18 21:57:41', '2026-03-18 21:57:41', 0, NULL);
INSERT INTO `order_info` VALUES (2034274471329673217, '20260318222323248380', 2030576699044843522, 299.00, 'CANCELED', '丁真，17817356861，广东广州天河丁真珍珠小区', NULL, '2026-03-18 22:23:24', '2026-03-18 22:23:24', 0, NULL);
INSERT INTO `order_info` VALUES (2034274527684341762, '20260318222337515929', 2030576699044843522, 299.00, 'CANCELED', '丁真，17817356861，广东广州天河丁真珍珠小区', NULL, '2026-03-18 22:23:37', '2026-03-18 22:23:37', 0, NULL);
INSERT INTO `order_info` VALUES (2038888660136398850, '20260331155831380643', 2030576699044843522, 189.00, 'FINISHED', '丁真，17817356861，广东广州天河丁真珍珠小区', NULL, '2026-03-31 15:58:32', '2026-03-31 15:58:32', 0, '2026-03-31 15:58:36');
INSERT INTO `order_info` VALUES (2039397207752310785, '20260402013919516024', 2030576699044843522, 299.00, 'FINISHED', '丁真，17817356861，广东广州天河丁真珍珠小区', NULL, '2026-04-02 01:39:19', '2026-04-02 01:39:19', 0, '2026-04-02 01:39:25');
INSERT INTO `order_info` VALUES (2039397637026742273, '20260402014101473528', 2030576699044843522, 299.00, 'FINISHED', '丁真，17817356861，广东广州天河丁真珍珠小区', NULL, '2026-04-02 01:41:02', '2026-04-02 01:41:02', 0, '2026-04-02 01:41:23');
INSERT INTO `order_info` VALUES (2039398439065747458, '20260402014412620614', 2030576699044843522, 806.00, 'FINISHED', '丁真，17817356861，广东广州天河丁真珍珠小区', NULL, '2026-04-02 01:44:13', '2026-04-02 01:44:13', 0, '2026-04-02 01:44:17');
INSERT INTO `order_info` VALUES (2040891800188628994, '20260406043817782307', 2030576699044843522, 209.00, 'FINISHED', '丁真，17817356861，广东广州天河丁真珍珠小区', NULL, '2026-04-06 04:38:18', '2026-04-06 04:38:18', 0, '2026-04-06 04:38:26');
INSERT INTO `order_info` VALUES (2040903881415847937, '20260406052618509734', 2030576699044843522, 209.00, 'REFUNDED', '丁真，17817356861，广东广州天河丁真珍珠小区', NULL, '2026-04-06 05:26:18', '2026-04-06 05:26:18', 0, '2026-04-06 05:26:23');
INSERT INTO `order_info` VALUES (2040903960935657473, '20260406052637852811', 2030576699044843522, 199.00, 'FINISHED', '丁真，17817356861，广东广州天河丁真珍珠小区', NULL, '2026-04-06 05:26:37', '2026-04-06 05:26:37', 0, '2026-04-06 05:26:40');
INSERT INTO `order_info` VALUES (2040925829797548034, '20260406065331938765', 2030576699044843522, 209.00, 'REFUNDED', '丁真，17817356861，广东广州天河丁真珍珠小区', NULL, '2026-04-06 06:53:31', '2026-04-06 06:53:31', 0, '2026-04-06 06:53:37');
INSERT INTO `order_info` VALUES (2040926156823236610, '20260406065449586722', 2030576699044843522, 209.00, 'REFUNDED', '丁真，17817356861，广东广州天河丁真珍珠小区', NULL, '2026-04-06 06:54:49', '2026-04-06 06:54:49', 0, '2026-04-06 06:54:54');
INSERT INTO `order_info` VALUES (2040926775176892418, '20260406065716684118', 2030576699044843522, 209.00, 'REFUNDED', '丁真，17817356861，广东广州天河丁真珍珠小区', NULL, '2026-04-06 06:57:16', '2026-04-06 06:57:16', 0, '2026-04-06 06:57:20');
INSERT INTO `order_info` VALUES (2040946219970326529, '20260406081432806890', 2030576699044843522, 189.00, 'REFUNDED', '丁真，17817356861，广东广州天河丁真珍珠小区', NULL, '2026-04-06 08:14:32', '2026-04-06 08:14:32', 0, '2026-04-06 08:14:48');
INSERT INTO `order_info` VALUES (2040946569771085825, '20260406081555478301', 2030576699044843522, 229.00, 'FINISHED', '丁真，17817356861，广东广州天河丁真珍珠小区', NULL, '2026-04-06 08:15:56', '2026-04-06 08:15:56', 0, '2026-04-06 08:16:00');
INSERT INTO `order_info` VALUES (2040946659042652161, '20260406081617554205', 2030576699044843522, 209.00, 'FINISHED', '丁真，17817356861，广东广州天河丁真珍珠小区', NULL, '2026-04-06 08:16:17', '2026-04-06 08:16:17', 0, '2026-04-06 08:16:22');
INSERT INTO `order_info` VALUES (2041424520319422465, '20260407155508105265', 2030576699044843522, 239.00, 'PAID', '丁真，17817356861，广东广州天河丁真珍珠小区', NULL, '2026-04-07 15:55:08', '2026-04-07 15:55:08', 0, '2026-04-07 15:55:13');
INSERT INTO `order_info` VALUES (2041427708804157441, '20260407160748825851', 2041424985891360770, 229.00, 'SHIPPED', 'awd，awd，awdawdadsfasfaf', NULL, '2026-04-07 16:07:48', '2026-04-07 16:07:48', 0, '2026-04-07 16:08:31');
INSERT INTO `order_info` VALUES (2041925380985614337, '20260409010522419711', 2030576699044843522, 199.00, 'CANCELED', '张三，178173566666，广东省广州市天河区车陂南路13号', NULL, '2026-04-09 01:05:23', '2026-04-09 01:05:23', 0, NULL);
INSERT INTO `order_info` VALUES (2041946430960070658, '20260409022901346544', 2030576699044843522, 239.00, 'PAID', '张三，178173566666，广东省广州市天河区车陂南路13号', NULL, '2026-04-09 02:29:01', '2026-04-09 02:29:01', 0, '2026-04-09 02:29:08');
INSERT INTO `order_info` VALUES (2044821825220870145, '20260417005448728487', 2030576699044843522, 478.00, 'CANCELED', '李四，13533369999，广东省佛山市南海区佛山大学仙溪校区北区', NULL, '2026-04-17 00:54:49', '2026-04-17 00:54:49', 0, NULL);

-- ----------------------------
-- Table structure for order_item
-- ----------------------------
DROP TABLE IF EXISTS `order_item`;
CREATE TABLE `order_item`  (
  `id` bigint NOT NULL AUTO_INCREMENT,
  `order_id` bigint NOT NULL,
  `spu_id` bigint NOT NULL,
  `sku_id` bigint NOT NULL,
  `sku_title` varchar(128) CHARACTER SET utf8mb4 COLLATE utf8mb4_0900_ai_ci NOT NULL,
  `price` decimal(10, 2) NOT NULL,
  `quantity` int NOT NULL,
  `amount` decimal(10, 2) NOT NULL,
  `created_at` datetime NULL DEFAULT CURRENT_TIMESTAMP,
  `updated_at` datetime NULL DEFAULT CURRENT_TIMESTAMP ON UPDATE CURRENT_TIMESTAMP,
  `deleted` tinyint NULL DEFAULT 0,
  PRIMARY KEY (`id`) USING BTREE,
  INDEX `idx_order_item_order_id`(`order_id`) USING BTREE
) ENGINE = InnoDB AUTO_INCREMENT = 2041946430960070660 CHARACTER SET = utf8mb4 COLLATE = utf8mb4_0900_ai_ci ROW_FORMAT = DYNAMIC;

-- ----------------------------
-- Records of order_item
-- ----------------------------
INSERT INTO `order_item` VALUES (2028528742468386817, 2028528742401277953, 1, 1, '蓝色 M', 199.00, 1, 199.00, '2026-03-03 01:51:55', '2026-03-03 01:51:55', 0);
INSERT INTO `order_item` VALUES (2028531625251274755, 2028531625251274754, 1, 1, '蓝色 M', 199.00, 2, 398.00, '2026-03-03 02:03:22', '2026-03-03 02:03:22', 0);
INSERT INTO `order_item` VALUES (2028712264059523075, 2028712264059523074, 1, 1, '蓝色 M', 199.00, 1, 199.00, '2026-03-03 14:01:10', '2026-03-03 14:01:10', 0);
INSERT INTO `order_item` VALUES (2028720243940962306, 2028720243928379394, 1, 1, '蓝色 M', 199.00, 1, 199.00, '2026-03-03 14:32:53', '2026-03-03 14:32:53', 0);
INSERT INTO `order_item` VALUES (2028724219654615042, 2028724219654615041, 1, 1, '蓝色 M', 199.00, 2, 398.00, '2026-03-03 14:48:40', '2026-03-03 14:48:40', 0);
INSERT INTO `order_item` VALUES (2028739814907437059, 2028739814907437058, 1, 1, '蓝色 M', 199.00, 2, 398.00, '2026-03-03 15:50:39', '2026-03-03 15:50:39', 0);
INSERT INTO `order_item` VALUES (2028741480893374467, 2028741480893374466, 1, 1, '蓝色 M', 199.00, 2, 398.00, '2026-03-03 15:57:16', '2026-03-03 15:57:16', 0);
INSERT INTO `order_item` VALUES (2028755561691996162, 2028755561691996161, 1, 1, '蓝色 M', 199.00, 1, 199.00, '2026-03-03 16:53:13', '2026-03-03 16:53:13', 0);
INSERT INTO `order_item` VALUES (2028758239562162178, 2028758239562162177, 1, 1, '蓝色 M', 199.00, 1, 199.00, '2026-03-03 17:03:51', '2026-03-03 17:03:51', 0);
INSERT INTO `order_item` VALUES (2028794237348175874, 2028794237348175873, 1, 1, '蓝色 M', 199.00, 1, 199.00, '2026-03-03 19:26:54', '2026-03-03 19:26:54', 0);
INSERT INTO `order_item` VALUES (2028797219649314819, 2028797219649314818, 1, 1, '蓝色 M', 199.00, 1, 199.00, '2026-03-03 19:38:45', '2026-03-03 19:38:45', 0);
INSERT INTO `order_item` VALUES (2028797940549509122, 2028797940486594562, 1, 1, '蓝色 M', 199.00, 1, 199.00, '2026-03-03 19:41:37', '2026-03-03 19:41:37', 0);
INSERT INTO `order_item` VALUES (2028810057583386627, 2028810057583386626, 1, 1, '蓝色 M', 199.00, 1, 199.00, '2026-03-03 20:29:46', '2026-03-03 20:29:46', 0);
INSERT INTO `order_item` VALUES (2028822251834433538, 2028822251775713281, 1, 1, '蓝色 M', 199.00, 1, 199.00, '2026-03-03 21:18:13', '2026-03-03 21:18:13', 0);
INSERT INTO `order_item` VALUES (2028830987714027522, 2028830987714027521, 1, 1, '蓝色 M', 199.00, 1, 199.00, '2026-03-03 21:52:56', '2026-03-03 21:52:56', 0);
INSERT INTO `order_item` VALUES (2028880338985385986, 2028880338960220161, 1, 1, '蓝色 M', 199.00, 1, 199.00, '2026-03-04 01:09:02', '2026-03-04 01:09:02', 0);
INSERT INTO `order_item` VALUES (2028891157865365506, 2028891157865365505, 1, 1, '蓝色 M', 199.00, 1, 199.00, '2026-03-04 01:52:02', '2026-03-04 01:52:02', 0);
INSERT INTO `order_item` VALUES (2029078917708464130, 2029078917683298306, 1, 1, '蓝色 M', 199.00, 1, 199.00, '2026-03-04 14:18:07', '2026-03-04 14:18:07', 0);
INSERT INTO `order_item` VALUES (2029157279554498563, 2029157279554498562, 1, 1, '蓝色 M', 199.00, 1, 199.00, '2026-03-04 19:29:30', '2026-03-04 19:29:30', 0);
INSERT INTO `order_item` VALUES (2029654397226532867, 2029654397226532866, 1, 2, '蓝色 L', 199.00, 1, 199.00, '2026-03-06 04:24:52', '2026-03-06 04:24:52', 0);
INSERT INTO `order_item` VALUES (2029659732012122114, 2029659732012122113, 1, 2, '蓝色 L', 199.00, 2, 398.00, '2026-03-06 04:46:04', '2026-03-06 04:46:04', 0);
INSERT INTO `order_item` VALUES (2029659774726914050, 2029659774726914049, 1, 2, '蓝色 L', 199.00, 2, 398.00, '2026-03-06 04:46:14', '2026-03-06 04:46:14', 0);
INSERT INTO `order_item` VALUES (2029660338336514051, 2029660338336514050, 1, 2, '蓝色 L', 199.00, 2, 398.00, '2026-03-06 04:48:29', '2026-03-06 04:48:29', 0);
INSERT INTO `order_item` VALUES (2029660355411525634, 2029660355411525633, 1, 2, '蓝色 L', 199.00, 2, 398.00, '2026-03-06 04:48:33', '2026-03-06 04:48:33', 0);
INSERT INTO `order_item` VALUES (2029662868948860931, 2029662868948860930, 1, 2, '蓝色 L', 199.00, 3, 597.00, '2026-03-06 04:58:32', '2026-03-06 04:58:32', 0);
INSERT INTO `order_item` VALUES (2029810737056006147, 2029810737056006146, 1, 2, '蓝色 L', 199.00, 3, 597.00, '2026-03-06 14:46:06', '2026-03-06 14:46:06', 0);
INSERT INTO `order_item` VALUES (2029821064304869379, 2029821064304869378, 1, 2, '蓝色 L', 199.00, 4, 796.00, '2026-03-06 15:27:09', '2026-03-06 15:27:09', 0);
INSERT INTO `order_item` VALUES (2029897635631939587, 2029897635631939586, 1, 2, '蓝色 L', 199.00, 5, 995.00, '2026-03-06 20:31:25', '2026-03-06 20:31:25', 0);
INSERT INTO `order_item` VALUES (2029900462932574211, 2029900462932574210, 1, 2, '蓝色 L', 199.00, 5, 995.00, '2026-03-06 20:42:39', '2026-03-06 20:42:39', 0);
INSERT INTO `order_item` VALUES (2033275140321697794, 2033275140254588930, 1, 2033172051203719175, '黑色 S', 189.00, 1, 189.00, '2026-03-16 04:12:25', '2026-03-16 04:12:25', 0);
INSERT INTO `order_item` VALUES (2033275140384612353, 2033275140254588930, 1, 2033172051270828034, '蓝色 S', 199.00, 1, 199.00, '2026-03-16 04:12:25', '2026-03-16 04:12:25', 0);
INSERT INTO `order_item` VALUES (2033275140384612354, 2033275140254588930, 1, 2033172051270828036, '蓝色 L', 209.00, 1, 209.00, '2026-03-16 04:12:25', '2026-03-16 04:12:25', 0);
INSERT INTO `order_item` VALUES (2033483320599363585, 2033483320544837634, 1, 2033172051203719175, '黑色 S', 189.00, 1, 189.00, '2026-03-16 17:59:39', '2026-03-16 17:59:39', 0);
INSERT INTO `order_item` VALUES (2033483320599363586, 2033483320544837634, 1, 2033172051270828034, '蓝色 S', 199.00, 1, 199.00, '2026-03-16 17:59:39', '2026-03-16 17:59:39', 0);
INSERT INTO `order_item` VALUES (2033483320658083842, 2033483320544837634, 1, 2033172051270828036, '蓝色 L', 209.00, 1, 209.00, '2026-03-16 17:59:39', '2026-03-16 17:59:39', 0);
INSERT INTO `order_item` VALUES (2033483464820506625, 2033483464757592065, 1, 2033172051203719175, '黑色 S', 189.00, 1, 189.00, '2026-03-16 18:00:13', '2026-03-16 18:00:13', 0);
INSERT INTO `order_item` VALUES (2033483464820506626, 2033483464757592065, 1, 2033172051270828034, '蓝色 S', 199.00, 1, 199.00, '2026-03-16 18:00:13', '2026-03-16 18:00:13', 0);
INSERT INTO `order_item` VALUES (2033483464820506627, 2033483464757592065, 1, 2033172051270828036, '蓝色 L', 209.00, 1, 209.00, '2026-03-16 18:00:13', '2026-03-16 18:00:13', 0);
INSERT INTO `order_item` VALUES (2033564391240220675, 2033564391240220674, 1, 2033172051203719175, '黑色 S', 189.00, 1, 189.00, '2026-03-16 23:21:47', '2026-03-16 23:21:47', 0);
INSERT INTO `order_item` VALUES (2033564391240220676, 2033564391240220674, 1, 2033172051270828034, '蓝色 S', 199.00, 1, 199.00, '2026-03-16 23:21:47', '2026-03-16 23:21:47', 0);
INSERT INTO `order_item` VALUES (2033564391240220677, 2033564391240220674, 1, 2033172051270828036, '蓝色 L', 209.00, 1, 209.00, '2026-03-16 23:21:47', '2026-03-16 23:21:47', 0);
INSERT INTO `order_item` VALUES (2033571036204744707, 2033571036204744706, 1, 2033172051203719175, '黑色 S', 189.00, 1, 189.00, '2026-03-16 23:48:12', '2026-03-16 23:48:12', 0);
INSERT INTO `order_item` VALUES (2033571036204744708, 2033571036204744706, 1, 2033172051270828034, '蓝色 S', 199.00, 1, 199.00, '2026-03-16 23:48:12', '2026-03-16 23:48:12', 0);
INSERT INTO `order_item` VALUES (2033571036204744709, 2033571036204744706, 1, 2033172051270828036, '蓝色 L', 209.00, 1, 209.00, '2026-03-16 23:48:12', '2026-03-16 23:48:12', 0);
INSERT INTO `order_item` VALUES (2033576278321336322, 2033576278321336321, 1, 2033172051203719175, '黑色 S', 189.00, 1, 189.00, '2026-03-17 00:09:01', '2026-03-17 00:09:01', 0);
INSERT INTO `order_item` VALUES (2033576278359085057, 2033576278321336321, 1, 2033172051270828034, '蓝色 S', 199.00, 1, 199.00, '2026-03-17 00:09:01', '2026-03-17 00:09:01', 0);
INSERT INTO `order_item` VALUES (2033576278359085058, 2033576278321336321, 1, 2033172051270828036, '蓝色 L', 209.00, 1, 209.00, '2026-03-17 00:09:01', '2026-03-17 00:09:01', 0);
INSERT INTO `order_item` VALUES (2033577059124580355, 2033577059124580354, 1, 2033172051203719171, '黑色 M', 199.00, 1, 199.00, '2026-03-17 00:12:08', '2026-03-17 00:12:08', 0);
INSERT INTO `order_item` VALUES (2033577059124580356, 2033577059124580354, 1, 2033172051203719174, '白色 M', 189.00, 1, 189.00, '2026-03-17 00:12:08', '2026-03-17 00:12:08', 0);
INSERT INTO `order_item` VALUES (2033582959080050691, 2033582959080050690, 1, 2033172051203719176, '黑色 XL', 199.00, 1, 199.00, '2026-03-17 00:35:34', '2026-03-17 00:35:34', 0);
INSERT INTO `order_item` VALUES (2033582959080050692, 2033582959080050690, 1, 2033172051270828038, '白色 XL', 189.00, 1, 189.00, '2026-03-17 00:35:34', '2026-03-17 00:35:34', 0);
INSERT INTO `order_item` VALUES (2033867666753654785, 2033867666732683265, 1, 2033172051203719170, '蓝色 L', 199.00, 1, 199.00, '2026-03-17 19:26:54', '2026-03-17 19:26:54', 0);
INSERT INTO `order_item` VALUES (2033878595260157954, 2033878595230797826, 1, 2033172051203719171, '黑色 M', 199.00, 1, 199.00, '2026-03-17 20:10:19', '2026-03-17 20:10:19', 0);
INSERT INTO `order_item` VALUES (2033997335108825090, 2033997335062687746, 2031529721216385026, 2033152984648515585, '蓝色 L', 299.00, 1, 299.00, '2026-03-18 04:02:09', '2026-03-18 04:02:09', 0);
INSERT INTO `order_item` VALUES (2033997335108825091, 2033997335062687746, 1, 2033172051270828036, '蓝色 L', 209.00, 1, 209.00, '2026-03-18 04:02:09', '2026-03-18 04:02:09', 0);
INSERT INTO `order_item` VALUES (2034004609000845314, 2034004609000845313, 2031529721216385026, 2033152984648515585, '蓝色 L', 299.00, 1, 299.00, '2026-03-18 04:31:03', '2026-03-18 04:31:03', 0);
INSERT INTO `order_item` VALUES (2034018200735297538, 2034018200735297537, 2031529721216385026, 2033152984648515585, '蓝色 L', 299.00, 1, 299.00, '2026-03-18 05:25:04', '2026-03-18 05:25:04', 0);
INSERT INTO `order_item` VALUES (2034018656006025218, 2034018656006025217, 2031461708815462401, 2031481861892481026, 'oi', 999.00, 1, 999.00, '2026-03-18 05:26:53', '2026-03-18 05:26:53', 0);
INSERT INTO `order_item` VALUES (2034171692690968578, 2034171692690968577, 2031529721216385026, 2033152984648515585, '蓝色 L', 299.00, 1, 299.00, '2026-03-18 15:34:59', '2026-03-18 15:34:59', 0);
INSERT INTO `order_item` VALUES (2034172087525969923, 2034172087525969922, 1, 2033172051270828035, '蓝色 M', 199.00, 1, 199.00, '2026-03-18 15:36:33', '2026-03-18 15:36:33', 0);
INSERT INTO `order_item` VALUES (2034174443185508355, 2034174443185508354, 2034174281692221442, 2034174281759330305, '测试黑色M', 99.00, 1, 99.00, '2026-03-18 15:45:55', '2026-03-18 15:45:55', 0);
INSERT INTO `order_item` VALUES (2034174614698987522, 2034174614698987521, 2034174281692221442, 2034174281759330305, '测试黑色M', 99.00, 1, 99.00, '2026-03-18 15:46:36', '2026-03-18 15:46:36', 0);
INSERT INTO `order_item` VALUES (2034174718826778627, 2034174718826778626, 2034174281692221442, 2034174281759330305, '测试黑色M', 99.00, 1, 99.00, '2026-03-18 15:47:01', '2026-03-18 15:47:01', 0);
INSERT INTO `order_item` VALUES (2034174895708966914, 2034174895708966913, 2034174281692221442, 2034174281759330305, '测试黑色M', 99.00, 1, 99.00, '2026-03-18 15:47:43', '2026-03-18 15:47:43', 0);
INSERT INTO `order_item` VALUES (2034264120429129730, 2034264120366215170, 2034174281692221442, 2034174281759330305, '测试黑色M', 99.00, 1, 99.00, '2026-03-18 21:42:16', '2026-03-18 21:42:16', 0);
INSERT INTO `order_item` VALUES (2034264423996076035, 2034264423996076034, 2031529721216385026, 2033152984648515585, '蓝色 L', 299.00, 1, 299.00, '2026-03-18 21:43:28', '2026-03-18 21:43:28', 0);
INSERT INTO `order_item` VALUES (2034264498650492931, 2034264498650492930, 2031529721216385026, 2033152984648515585, '蓝色 L', 299.00, 1, 299.00, '2026-03-18 21:43:46', '2026-03-18 21:43:46', 0);
INSERT INTO `order_item` VALUES (2034267506281033731, 2034267506281033730, 2030695782251810818, 2030695782314725378, '蓝色裤子测试1', 199.00, 1, 199.00, '2026-03-18 21:55:43', '2026-03-18 21:55:43', 0);
INSERT INTO `order_item` VALUES (2034267999967391747, 2034267999967391746, 2031529721216385026, 2033152984648515585, '蓝色 L', 299.00, 1, 299.00, '2026-03-18 21:57:41', '2026-03-18 21:57:41', 0);
INSERT INTO `order_item` VALUES (2034274471329673218, 2034274471329673217, 2031529721216385026, 2033152984648515585, '蓝色 L', 299.00, 1, 299.00, '2026-03-18 22:23:24', '2026-03-18 22:23:24', 0);
INSERT INTO `order_item` VALUES (2034274527684341763, 2034274527684341762, 2031529721216385026, 2033152984648515585, '蓝色 L', 299.00, 1, 299.00, '2026-03-18 22:23:37', '2026-03-18 22:23:37', 0);
INSERT INTO `order_item` VALUES (2038888660136398851, 2038888660136398850, 9203, 920301, '黑色 XL', 189.00, 1, 189.00, '2026-03-31 15:58:32', '2026-03-31 15:58:32', 0);
INSERT INTO `order_item` VALUES (2039397207760699394, 2039397207752310785, 2031529721216385026, 2033152984648515585, '蓝色 L', 299.00, 1, 299.00, '2026-04-02 01:39:19', '2026-04-02 01:39:19', 0);
INSERT INTO `order_item` VALUES (2039397637026742274, 2039397637026742273, 2031529721216385026, 2033152984648515585, '蓝色 L', 299.00, 1, 299.00, '2026-04-02 01:41:02', '2026-04-02 01:41:02', 0);
INSERT INTO `order_item` VALUES (2039398439065747459, 2039398439065747458, 9203, 920302, '黑色 XXL', 189.00, 2, 378.00, '2026-04-02 01:44:13', '2026-04-02 01:44:13', 0);
INSERT INTO `order_item` VALUES (2039398439065747460, 2039398439065747458, 9207, 920702, '藏青 M', 229.00, 1, 229.00, '2026-04-02 01:44:13', '2026-04-02 01:44:13', 0);
INSERT INTO `order_item` VALUES (2039398439065747461, 2039398439065747458, 6108, 2034174281759330526, '极细腰围九分裤 S', 199.00, 1, 199.00, '2026-04-02 01:44:13', '2026-04-02 01:44:13', 0);
INSERT INTO `order_item` VALUES (2040891800243154945, 2040891800188628994, 9201, 920101, '深蓝 XS', 209.00, 1, 209.00, '2026-04-06 04:38:18', '2026-04-06 04:38:18', 0);
INSERT INTO `order_item` VALUES (2040903881478762497, 2040903881415847937, 9201, 920102, '深蓝 S', 209.00, 1, 209.00, '2026-04-06 05:26:18', '2026-04-06 05:26:18', 0);
INSERT INTO `order_item` VALUES (2040903960935657474, 2040903960935657473, 9202, 920203, '浅蓝 M', 199.00, 1, 199.00, '2026-04-06 05:26:37', '2026-04-06 05:26:37', 0);
INSERT INTO `order_item` VALUES (2040925829818519553, 2040925829797548034, 9201, 920102, '深蓝 S', 209.00, 1, 209.00, '2026-04-06 06:53:31', '2026-04-06 06:53:31', 0);
INSERT INTO `order_item` VALUES (2040926156886151170, 2040926156823236610, 6102, 2034174281759330501, '超小腰围修身牛仔裤 XS', 209.00, 1, 209.00, '2026-04-06 06:54:49', '2026-04-06 06:54:49', 0);
INSERT INTO `order_item` VALUES (2040926775176892419, 2040926775176892418, 9201, 920102, '深蓝 S', 209.00, 1, 209.00, '2026-04-06 06:57:16', '2026-04-06 06:57:16', 0);
INSERT INTO `order_item` VALUES (2040946219970326530, 2040946219970326529, 9203, 920302, '黑色 XXL', 189.00, 1, 189.00, '2026-04-06 08:14:32', '2026-04-06 08:14:32', 0);
INSERT INTO `order_item` VALUES (2040946569771085826, 2040946569771085825, 9207, 920703, '藏青 L', 229.00, 1, 229.00, '2026-04-06 08:15:56', '2026-04-06 08:15:56', 0);
INSERT INTO `order_item` VALUES (2040946659042652162, 2040946659042652161, 6102, 2034174281759330500, '超小腰围修身牛仔裤 XXS', 209.00, 1, 209.00, '2026-04-06 08:16:17', '2026-04-06 08:16:17', 0);
INSERT INTO `order_item` VALUES (2041424520319422466, 2041424520319422465, 9204, 920401, '军绿 XL', 239.00, 1, 239.00, '2026-04-07 15:55:08', '2026-04-07 15:55:08', 0);
INSERT INTO `order_item` VALUES (2041427708804157442, 2041427708804157441, 9207, 920703, '藏青 L', 229.00, 1, 229.00, '2026-04-07 16:07:48', '2026-04-07 16:07:48', 0);
INSERT INTO `order_item` VALUES (2041925380985614338, 2041925380985614337, 9202, 920203, '浅蓝 M', 199.00, 1, 199.00, '2026-04-09 01:05:23', '2026-04-09 01:05:23', 0);
INSERT INTO `order_item` VALUES (2041946430960070659, 2041946430960070658, 9204, 920402, '军绿 XXL', 239.00, 1, 239.00, '2026-04-09 02:29:01', '2026-04-09 02:29:01', 0);
INSERT INTO `order_item` VALUES (2044821825220870146, 2044821825220870145, 9206, 920601, '灰色 M', 259.00, 1, 259.00, '2026-04-17 00:54:49', '2026-04-17 00:54:49', 0);
INSERT INTO `order_item` VALUES (2044821825287979009, 2044821825220870145, 9208, 920802, '棕色 XL', 219.00, 1, 219.00, '2026-04-17 00:54:49', '2026-04-17 00:54:49', 0);

-- ----------------------------
-- Table structure for payment
-- ----------------------------
DROP TABLE IF EXISTS `payment`;
CREATE TABLE `payment`  (
  `id` bigint NOT NULL AUTO_INCREMENT,
  `order_id` bigint NOT NULL,
  `pay_no` varchar(64) CHARACTER SET utf8mb4 COLLATE utf8mb4_0900_ai_ci NULL DEFAULT NULL,
  `amount` decimal(10, 2) NOT NULL,
  `status` varchar(16) CHARACTER SET utf8mb4 COLLATE utf8mb4_0900_ai_ci NOT NULL,
  `pay_type` varchar(32) CHARACTER SET utf8mb4 COLLATE utf8mb4_0900_ai_ci NULL DEFAULT NULL,
  `created_at` datetime NULL DEFAULT CURRENT_TIMESTAMP,
  `updated_at` datetime NULL DEFAULT CURRENT_TIMESTAMP ON UPDATE CURRENT_TIMESTAMP,
  `deleted` tinyint NULL DEFAULT 0,
  PRIMARY KEY (`id`) USING BTREE
) ENGINE = InnoDB CHARACTER SET = utf8mb4 COLLATE = utf8mb4_0900_ai_ci ROW_FORMAT = DYNAMIC;

-- ----------------------------
-- Records of payment
-- ----------------------------

-- ----------------------------
-- Table structure for product_sku
-- ----------------------------
DROP TABLE IF EXISTS `product_sku`;
CREATE TABLE `product_sku`  (
  `id` bigint NOT NULL AUTO_INCREMENT,
  `spu_id` bigint NOT NULL,
  `sku_code` varchar(64) CHARACTER SET utf8mb4 COLLATE utf8mb4_0900_ai_ci NOT NULL,
  `title` varchar(128) CHARACTER SET utf8mb4 COLLATE utf8mb4_0900_ai_ci NOT NULL,
  `price` decimal(10, 2) NOT NULL,
  `stock` int NOT NULL,
  `color` varchar(32) CHARACTER SET utf8mb4 COLLATE utf8mb4_0900_ai_ci NULL DEFAULT NULL,
  `size` varchar(32) CHARACTER SET utf8mb4 COLLATE utf8mb4_0900_ai_ci NULL DEFAULT NULL,
  `status` varchar(16) CHARACTER SET utf8mb4 COLLATE utf8mb4_0900_ai_ci NOT NULL,
  `created_at` datetime NULL DEFAULT CURRENT_TIMESTAMP,
  `updated_at` datetime NULL DEFAULT CURRENT_TIMESTAMP ON UPDATE CURRENT_TIMESTAMP,
  `deleted` tinyint NULL DEFAULT 0,
  `length_cm` int NULL DEFAULT NULL,
  `waist_cm` int NULL DEFAULT NULL,
  `leg_opening_cm` int NULL DEFAULT NULL,
  `fit_type` varchar(32) CHARACTER SET utf8mb4 COLLATE utf8mb4_0900_ai_ci NULL DEFAULT NULL,
  PRIMARY KEY (`id`) USING BTREE,
  UNIQUE INDEX `sku_unique`(`spu_id`, `color`, `size`, `length_cm`, `waist_cm`, `leg_opening_cm`, `fit_type`) USING BTREE,
  INDEX `idx_sku_spu_id`(`spu_id`) USING BTREE
) ENGINE = InnoDB AUTO_INCREMENT = 2042181019708190723 CHARACTER SET = utf8mb4 COLLATE = utf8mb4_0900_ai_ci ROW_FORMAT = DYNAMIC;

-- ----------------------------
-- Records of product_sku
-- ----------------------------
INSERT INTO `product_sku` VALUES (3, 2, 'SKU-JEANS-003', '黑色 M', 219.00, 60, '黑', 'M', 'ON', '2026-03-02 22:04:05', '2026-04-17 00:29:17', 0, 99, 75, 18, '修身');
INSERT INTO `product_sku` VALUES (4, 2, 'SKU-JEANS-004', '黑色 L', 219.00, 40, '黑', 'L', 'ON', '2026-03-02 22:04:05', '2026-04-17 00:29:17', 0, 102, 80, 20, '直筒');
INSERT INTO `product_sku` VALUES (5, 3, 'SKU-CARGO-001', '军绿 L', 239.00, 50, '军绿', 'L', 'ON', '2026-03-02 22:04:05', '2026-04-17 00:29:17', 0, 104, 82, 23, '宽松');
INSERT INTO `product_sku` VALUES (6, 3, 'SKU-CARGO-002', '卡其 XL', 239.00, 40, '卡其', 'XL', 'ON', '2026-03-02 22:04:05', '2026-04-17 00:29:17', 0, 106, 86, 24, '阔腿');
INSERT INTO `product_sku` VALUES (10, 2, 'SKU-002-GRY-M-97', '灰色 M', 219.00, 22, '灰', 'M', 'ON', '2026-03-08 15:09:45', '2026-04-17 00:29:17', 0, 97, 73, 17, '修身');
INSERT INTO `product_sku` VALUES (11, 2, 'SKU-002-GRY-L-101', '灰色 L', 219.00, 24, '灰', 'L', 'ON', '2026-03-08 15:09:45', '2026-04-17 00:29:17', 0, 101, 79, 20, '直筒');
INSERT INTO `product_sku` VALUES (12, 2, 'SKU-002-BLK-XL-105', '黑色 XL', 229.00, 18, '黑', 'XL', 'ON', '2026-03-08 15:09:45', '2026-04-17 00:29:17', 0, 105, 85, 24, '宽松');
INSERT INTO `product_sku` VALUES (13, 3, 'SKU-003-KHA-M-99', '卡其 M', 239.00, 30, '卡其', 'M', 'ON', '2026-03-08 15:09:45', '2026-04-17 00:29:17', 0, 99, 75, 19, '直筒');
INSERT INTO `product_sku` VALUES (14, 3, 'SKU-003-KHA-L-102', '卡其 L', 239.00, 32, '卡其', 'L', 'ON', '2026-03-08 15:09:45', '2026-04-17 00:29:17', 0, 102, 80, 21, '宽松');
INSERT INTO `product_sku` VALUES (15, 3, 'SKU-003-GRN-XL-107', '军绿 XL', 249.00, 20, '军绿', 'XL', 'ON', '2026-03-08 15:09:45', '2026-04-17 00:29:17', 0, 107, 88, 25, '阔腿');
INSERT INTO `product_sku` VALUES (17, 2, 'SKU-002-NVY-L-104', '藏青 L', 229.00, 21, '藏青', 'L', 'ON', '2026-03-08 15:09:45', '2026-04-17 00:29:17', 0, 104, 81, 22, '直筒');
INSERT INTO `product_sku` VALUES (18, 3, 'SKU-003-BRN-L-108', '棕色 L', 259.00, 15, '棕', 'L', 'ON', '2026-03-08 15:09:45', '2026-04-17 00:29:17', 0, 108, 84, 24, '宽松');
INSERT INTO `product_sku` VALUES (27, 2, 'SKU-2-GRY-S-96', '灰色 S', 199.00, 26, '灰', 'S', 'ON', '2026-03-08 15:11:06', '2026-04-17 00:29:17', 0, 96, 72, 17, '修身');
INSERT INTO `product_sku` VALUES (28, 2, 'SKU-2-GRY-M-98', '灰色 M', 199.00, 29, '灰', 'M', 'ON', '2026-03-08 15:11:06', '2026-04-17 00:29:17', 0, 98, 74, 18, '修身');
INSERT INTO `product_sku` VALUES (29, 2, 'SKU-2-GRY-L-100', '灰色 L', 209.00, 31, '灰', 'L', 'ON', '2026-03-08 15:11:06', '2026-04-17 00:29:17', 0, 100, 79, 20, '直筒');
INSERT INTO `product_sku` VALUES (30, 2, 'SKU-2-GRY-XL-102', '灰色 XL', 209.00, 18, '灰', 'XL', 'ON', '2026-03-08 15:11:06', '2026-04-17 00:29:17', 0, 102, 83, 21, '宽松');
INSERT INTO `product_sku` VALUES (31, 2, 'SKU-2-BLK-S-97', '黑色 S', 209.00, 22, '黑', 'S', 'ON', '2026-03-08 15:11:06', '2026-04-17 00:29:17', 0, 97, 73, 18, '修身');
INSERT INTO `product_sku` VALUES (32, 2, 'SKU-2-BLK-M-99', '黑色 M', 209.00, 27, '黑', 'M', 'ON', '2026-03-08 15:11:06', '2026-04-17 00:29:17', 0, 99, 75, 19, '直筒');
INSERT INTO `product_sku` VALUES (33, 2, 'SKU-2-BLK-L-101', '黑色 L', 219.00, 24, '黑', 'L', 'ON', '2026-03-08 15:11:06', '2026-04-17 00:29:17', 0, 101, 80, 21, '宽松');
INSERT INTO `product_sku` VALUES (34, 2, 'SKU-2-BLK-XL-104', '黑色 XL', 219.00, 21, '黑', 'XL', 'ON', '2026-03-08 15:11:06', '2026-04-17 00:29:17', 0, 104, 85, 23, '阔腿');
INSERT INTO `product_sku` VALUES (35, 3, 'SKU-3-KHA-S-98', '卡其 S', 229.00, 20, '卡其', 'S', 'ON', '2026-03-08 15:11:06', '2026-04-17 00:29:17', 0, 98, 74, 18, '修身');
INSERT INTO `product_sku` VALUES (36, 3, 'SKU-3-KHA-M-100', '卡其 M', 229.00, 28, '卡其', 'M', 'ON', '2026-03-08 15:11:06', '2026-04-17 00:29:17', 0, 100, 78, 20, '直筒');
INSERT INTO `product_sku` VALUES (37, 3, 'SKU-3-KHA-L-102', '卡其 L', 239.00, 26, '卡其', 'L', 'ON', '2026-03-08 15:11:06', '2026-04-17 00:29:17', 0, 102, 82, 22, '宽松');
INSERT INTO `product_sku` VALUES (38, 3, 'SKU-3-KHA-XL-105', '卡其 XL', 239.00, 19, '卡其', 'XL', 'ON', '2026-03-08 15:11:06', '2026-04-17 00:29:17', 0, 105, 86, 24, '阔腿');
INSERT INTO `product_sku` VALUES (39, 3, 'SKU-3-GRN-S-99', '军绿 S', 239.00, 21, '军绿', 'S', 'ON', '2026-03-08 15:11:06', '2026-04-17 00:29:17', 0, 99, 75, 19, '直筒');
INSERT INTO `product_sku` VALUES (40, 3, 'SKU-3-GRN-M-101', '军绿 M', 239.00, 25, '军绿', 'M', 'ON', '2026-03-08 15:11:06', '2026-04-17 00:29:17', 0, 101, 79, 20, '宽松');
INSERT INTO `product_sku` VALUES (41, 3, 'SKU-3-GRN-L-104', '军绿 L', 249.00, 23, '军绿', 'L', 'ON', '2026-03-08 15:11:06', '2026-04-17 00:29:17', 0, 104, 83, 22, '阔腿');
INSERT INTO `product_sku` VALUES (46, 2, 'SKU-2-NVY-M-100', '藏青 M', 219.00, 22, '藏青', 'M', 'ON', '2026-03-08 15:11:06', '2026-04-17 00:29:17', 0, 100, 78, 20, '直筒');
INSERT INTO `product_sku` VALUES (47, 2, 'SKU-2-NVY-L-103', '藏青 L', 219.00, 21, '藏青', 'L', 'ON', '2026-03-08 15:11:06', '2026-04-17 00:29:17', 0, 103, 82, 22, '宽松');
INSERT INTO `product_sku` VALUES (48, 2, 'SKU-2-NVY-XL-106', '藏青 XL', 229.00, 16, '藏青', 'XL', 'ON', '2026-03-08 15:11:06', '2026-04-17 00:29:17', 0, 106, 86, 24, '阔腿');
INSERT INTO `product_sku` VALUES (49, 3, 'SKU-3-BRN-M-100', '棕色 M', 249.00, 18, '棕', 'M', 'ON', '2026-03-08 15:11:06', '2026-04-17 00:29:17', 0, 100, 78, 20, '直筒');
INSERT INTO `product_sku` VALUES (50, 3, 'SKU-3-BRN-L-103', '棕色 L', 249.00, 17, '棕', 'L', 'ON', '2026-03-08 15:11:06', '2026-04-17 00:29:17', 0, 103, 82, 22, '宽松');
INSERT INTO `product_sku` VALUES (51, 3, 'SKU-3-BRN-XL-108', '棕色 XL', 259.00, 14, '棕', 'XL', 'ON', '2026-03-08 15:11:06', '2026-04-17 00:29:17', 0, 108, 90, 25, '阔腿');
INSERT INTO `product_sku` VALUES (920101, 9201, 'SKU-9201-XS-62-88', '深蓝 XS', 209.00, 23, '深蓝', 'XS', 'ON', '2026-03-21 00:50:51', '2026-04-17 00:29:17', 0, 88, 62, 15, '修身');
INSERT INTO `product_sku` VALUES (920102, 9201, 'SKU-9201-S-64-90', '深蓝 S', 209.00, 19, '深蓝', 'S', 'ON', '2026-03-21 00:50:51', '2026-04-17 00:29:17', 0, 90, 64, 16, '修身');
INSERT INTO `product_sku` VALUES (920103, 9201, 'SKU-9201-M-66-92', '深蓝 M', 209.00, 20, '深蓝', 'M', 'ON', '2026-03-21 00:50:51', '2026-04-17 00:29:17', 0, 92, 66, 17, '修身');
INSERT INTO `product_sku` VALUES (920201, 9202, 'SKU-9202-XS-64-86', '浅蓝 XS', 199.00, 26, '浅蓝', 'XS', 'ON', '2026-03-21 00:50:51', '2026-04-17 00:29:17', 0, 86, 64, 15, '修身');
INSERT INTO `product_sku` VALUES (920202, 9202, 'SKU-9202-S-66-88', '浅蓝 S', 199.00, 24, '浅蓝', 'S', 'ON', '2026-03-21 00:50:51', '2026-04-17 00:29:17', 0, 88, 66, 16, '修身');
INSERT INTO `product_sku` VALUES (920203, 9202, 'SKU-9202-M-68-90', '浅蓝 M', 199.00, 20, '浅蓝', 'M', 'ON', '2026-03-21 00:50:51', '2026-04-17 00:29:17', 0, 90, 68, 17, '直筒');
INSERT INTO `product_sku` VALUES (920401, 9204, 'SKU-9204-XL-100-100', '军绿 XL', 239.00, 18, '军绿', 'XL', 'ON', '2026-03-21 00:50:51', '2026-04-17 00:29:17', 0, 100, 100, 25, '常规');
INSERT INTO `product_sku` VALUES (920402, 9204, 'SKU-9204-XXL-108-102', '军绿 XXL', 239.00, 16, '军绿', 'XXL', 'ON', '2026-03-21 00:50:51', '2026-04-17 00:29:17', 0, 102, 108, 27, '宽松');
INSERT INTO `product_sku` VALUES (920403, 9204, 'SKU-9204-XXXL-116-104', '军绿 XXXL', 239.00, 15, '军绿', 'XXXL', 'ON', '2026-03-21 00:50:51', '2026-04-17 00:29:17', 0, 104, 116, 29, '阔腿');
INSERT INTO `product_sku` VALUES (920601, 9206, 'SKU-9206-M-80-108', '灰色 M', 259.00, 20, '灰色', 'M', 'ON', '2026-03-21 00:50:51', '2026-04-17 01:25:10', 0, 108, 80, 22, '常规');
INSERT INTO `product_sku` VALUES (920602, 9206, 'SKU-9206-L-84-112', '灰色 L', 259.00, 18, '灰色', 'L', 'ON', '2026-03-21 00:50:51', '2026-04-17 00:29:17', 0, 112, 84, 23, '常规');
INSERT INTO `product_sku` VALUES (920603, 9206, 'SKU-9206-XL-88-116', '灰色 XL', 259.00, 16, '灰色', 'XL', 'ON', '2026-03-21 00:50:51', '2026-04-17 00:29:17', 0, 116, 88, 24, '直筒');
INSERT INTO `product_sku` VALUES (920801, 9208, 'SKU-9208-L-92-98', '棕色 L', 219.00, 24, '棕色', 'L', 'ON', '2026-03-21 00:50:51', '2026-04-17 00:29:17', 0, 98, 92, 24, '宽松');
INSERT INTO `product_sku` VALUES (920802, 9208, 'SKU-9208-XL-100-100', '棕色 XL', 219.00, 22, '棕色', 'XL', 'ON', '2026-03-21 00:50:51', '2026-04-17 01:25:10', 0, 100, 100, 26, '宽松');
INSERT INTO `product_sku` VALUES (920803, 9208, 'SKU-9208-XXL-108-102', '棕色 XXL', 219.00, 20, '棕色', 'XXL', 'ON', '2026-03-21 00:50:51', '2026-04-17 00:29:17', 0, 102, 108, 28, '休闲');
INSERT INTO `product_sku` VALUES (2030695782314725378, 2030695782251810818, '66', '蓝色裤子测试1', 199.00, 17, '蓝', 'M', 'ON', '2026-03-09 01:22:58', '2026-04-17 00:29:17', 0, 100, 76, 22, '直筒');
INSERT INTO `product_sku` VALUES (2031379215261134849, 2031326243848249346, 'TEST001', '蓝色 M', 206.00, 102, '蓝', 'L', 'ON', '2026-03-10 22:38:41', '2026-04-17 00:29:17', 1, 100, 76, 22, '直筒');
INSERT INTO `product_sku` VALUES (2031481861892481026, 2031461708815462401, '34', 'oi', 999.00, 23, '蓝', 'M', 'ON', '2026-03-11 05:26:34', '2026-04-17 00:29:17', 0, 98, 66, 22, '直筒');
INSERT INTO `product_sku` VALUES (2033152984648515585, 2031529721216385026, '222', '蓝色 L', 299.00, 104, '蓝', 'L', 'ON', '2026-03-15 20:07:00', '2026-04-17 00:29:17', 0, 99, 76, 22, '直筒');
INSERT INTO `product_sku` VALUES (2033172051203719169, 1, 'SKU-JEANS-001', '蓝色 M', 199.00, 18, '蓝', 'M', 'ON', '2026-03-15 21:22:46', '2026-04-17 00:29:17', 0, 100, 76, 22, '直筒');
INSERT INTO `product_sku` VALUES (2033172051203719170, 1, 'SKU-JEANS-002', '蓝色 L', 199.00, 75, '蓝', 'L', 'ON', '2026-03-15 21:22:46', '2026-04-17 00:29:17', 0, 101, 78, 24, '阔腿');
INSERT INTO `product_sku` VALUES (2033172051203719171, 1, 'SKU-001-BLK-M-98', '黑色 M', 199.00, 35, '黑', 'M', 'ON', '2026-03-15 21:22:46', '2026-04-17 00:29:17', 0, 98, 74, 18, '修身');
INSERT INTO `product_sku` VALUES (2033172051203719172, 1, 'SKU-001-BLK-L-100', '黑色 L', 199.00, 28, '黑', 'L', 'ON', '2026-03-15 21:22:46', '2026-04-17 00:29:17', 0, 100, 78, 20, '直筒');
INSERT INTO `product_sku` VALUES (2033172051203719173, 1, 'SKU-001-BLU-XL-103', '蓝色 XL', 209.00, 26, '蓝', 'XL', 'ON', '2026-03-15 21:22:46', '2026-04-17 00:29:17', 0, 103, 84, 23, '阔腿');
INSERT INTO `product_sku` VALUES (2033172051203719174, 1, 'SKU-001-WHT-M-96', '白色 M', 189.00, 16, '白', 'M', 'ON', '2026-03-15 21:22:46', '2026-04-17 00:29:17', 0, 96, 72, 17, '修身');
INSERT INTO `product_sku` VALUES (2033172051203719175, 1, 'SKU-1-BLK-S-96', '黑色 S', 189.00, 30, '黑', 'S', 'ON', '2026-03-15 21:22:46', '2026-04-17 00:29:17', 0, 96, 72, 17, '修身');
INSERT INTO `product_sku` VALUES (2033172051203719176, 1, 'SKU-1-BLK-XL-102', '黑色 XL', 199.00, 25, '黑', 'XL', 'ON', '2026-03-15 21:22:46', '2026-04-17 00:29:17', 0, 102, 82, 21, '直筒');
INSERT INTO `product_sku` VALUES (2033172051270828034, 1, 'SKU-1-BLU-S-97', '蓝色 S', 199.00, 20, '蓝', 'S', 'ON', '2026-03-15 21:22:46', '2026-04-17 00:29:17', 0, 97, 73, 18, '修身');
INSERT INTO `product_sku` VALUES (2033172051270828035, 1, 'SKU-1-BLU-M-99', '蓝色 M', 199.00, 29, '蓝', 'M', 'ON', '2026-03-15 21:22:46', '2026-04-17 00:29:17', 0, 99, 75, 19, '直筒');
INSERT INTO `product_sku` VALUES (2033172051270828036, 1, 'SKU-1-BLU-L-101', '蓝色 L', 209.00, 32, '蓝', 'L', 'ON', '2026-03-15 21:22:46', '2026-04-17 00:29:17', 0, 101, 80, 21, '宽松');
INSERT INTO `product_sku` VALUES (2033172051270828037, 1, 'SKU-1-WHT-L-99', '白色 L', 179.00, 18, '白', 'L', 'ON', '2026-03-15 21:22:46', '2026-04-17 00:29:17', 0, 99, 76, 18, '修身');
INSERT INTO `product_sku` VALUES (2033172051270828038, 1, 'SKU-1-WHT-XL-102', '白色 XL', 189.00, 17, '白', 'XL', 'ON', '2026-03-15 21:22:46', '2026-04-17 00:29:17', 0, 102, 80, 21, '直筒');
INSERT INTO `product_sku` VALUES (2034174281759330305, 2034174281692221442, 'TSE-SKU-001', '测试黑色M', 99.00, 0, '黑', 'M', 'ON', '2026-03-18 15:45:17', '2026-04-17 00:29:17', 0, 100, 76, 22, '直筒');
INSERT INTO `product_sku` VALUES (2034174281759330306, 3001, 'SKU-3001-1', '九分修身牛仔裤 S', 199.00, 50, '蓝色', 'S', 'ON', '2026-03-20 00:40:02', '2026-04-17 00:29:17', 0, 90, 70, 28, '修身');
INSERT INTO `product_sku` VALUES (2034174281759330307, 3001, 'SKU-3001-2', '九分修身牛仔裤 M', 199.00, 50, '蓝色', 'M', 'ON', '2026-03-20 00:40:02', '2026-04-17 00:29:17', 0, 92, 75, 30, '修身');
INSERT INTO `product_sku` VALUES (2034174281759330308, 3002, 'SKU-3002-1', '直筒牛仔裤 M', 229.00, 50, '深蓝', 'M', 'ON', '2026-03-20 00:40:02', '2026-04-17 00:29:17', 0, 100, 80, 32, '常规');
INSERT INTO `product_sku` VALUES (2034174281759330309, 3002, 'SKU-3002-2', '直筒牛仔裤 L', 229.00, 50, '深蓝', 'L', 'ON', '2026-03-20 00:40:02', '2026-04-17 00:29:17', 0, 102, 85, 34, '常规');
INSERT INTO `product_sku` VALUES (2034174281759330310, 3003, 'SKU-3003-1', '宽松休闲裤 XL', 189.00, 50, '黑色', 'XL', 'ON', '2026-03-20 00:40:02', '2026-04-17 00:29:17', 0, 100, 95, 38, '休闲');
INSERT INTO `product_sku` VALUES (2034174281759330311, 3003, 'SKU-3003-2', '宽松休闲裤 XXL', 189.00, 50, '黑色', 'XXL', 'ON', '2026-03-20 00:40:02', '2026-04-17 00:29:17', 0, 105, 105, 42, '休闲');
INSERT INTO `product_sku` VALUES (2034174281759330312, 3004, 'SKU-3004-1', '加长直筒裤 L', 259.00, 50, '灰色', 'L', 'ON', '2026-03-20 00:40:02', '2026-04-17 00:29:17', 0, 110, 85, 34, '常规');
INSERT INTO `product_sku` VALUES (2034174281759330313, 3004, 'SKU-3004-2', '加长直筒裤 XL', 259.00, 50, '灰色', 'XL', 'ON', '2026-03-20 00:40:02', '2026-04-17 00:29:17', 0, 115, 90, 36, '常规');
INSERT INTO `product_sku` VALUES (2034174281759330314, 3005, 'SKU-3005-1', '弹力修身裤 M', 219.00, 50, '黑色', 'M', 'ON', '2026-03-20 00:40:02', '2026-04-17 00:29:17', 0, 100, 75, 30, '修身');
INSERT INTO `product_sku` VALUES (2034174281759330315, 3005, 'SKU-3005-2', '弹力修身裤 L', 219.00, 50, '黑色', 'L', 'ON', '2026-03-20 00:40:02', '2026-04-17 00:29:17', 0, 100, 85, 32, '修身');
INSERT INTO `product_sku` VALUES (2034174281759330316, 3001, 'SKU-3001-3', '九分修身牛仔裤 XS', 199.00, 40, '蓝色', 'XS', 'ON', '2026-03-20 21:28:57', '2026-04-17 00:29:17', 0, 88, 68, 27, '修身');
INSERT INTO `product_sku` VALUES (2034174281759330317, 3001, 'SKU-3001-4', '九分修身牛仔裤 S', 199.00, 42, '蓝色', 'S', 'ON', '2026-03-20 21:28:57', '2026-04-17 00:29:17', 0, 89, 70, 28, '修身');
INSERT INTO `product_sku` VALUES (2034174281759330318, 3001, 'SKU-3001-5', '九分修身牛仔裤 M', 199.00, 45, '蓝色', 'M', 'ON', '2026-03-20 21:28:57', '2026-04-17 00:29:17', 0, 91, 73, 29, '修身');
INSERT INTO `product_sku` VALUES (2034174281759330319, 3001, 'SKU-3001-6', '九分修身牛仔裤 L', 199.00, 38, '蓝色', 'L', 'ON', '2026-03-20 21:28:57', '2026-04-17 00:29:17', 0, 94, 78, 30, '修身');
INSERT INTO `product_sku` VALUES (2034174281759330320, 3002, 'SKU-3002-3', '直筒牛仔裤 S', 229.00, 36, '深蓝', 'S', 'ON', '2026-03-20 21:28:57', '2026-04-17 00:29:17', 0, 98, 76, 30, '常规');
INSERT INTO `product_sku` VALUES (2034174281759330321, 3002, 'SKU-3002-4', '直筒牛仔裤 M', 229.00, 40, '深蓝', 'M', 'ON', '2026-03-20 21:28:57', '2026-04-17 00:29:17', 0, 99, 78, 31, '直筒');
INSERT INTO `product_sku` VALUES (2034174281759330322, 3002, 'SKU-3002-5', '直筒牛仔裤 XL', 229.00, 34, '深蓝', 'XL', 'ON', '2026-03-20 21:28:57', '2026-04-17 00:29:17', 0, 103, 88, 35, '常规');
INSERT INTO `product_sku` VALUES (2034174281759330323, 3002, 'SKU-3002-6', '直筒牛仔裤 XXL', 229.00, 28, '深蓝', 'XXL', 'ON', '2026-03-20 21:28:57', '2026-04-17 00:29:17', 0, 104, 92, 36, '常规');
INSERT INTO `product_sku` VALUES (2034174281759330324, 3003, 'SKU-3003-3', '宽松休闲裤 L', 189.00, 35, '黑色', 'L', 'ON', '2026-03-20 21:28:57', '2026-04-17 00:29:17', 0, 98, 88, 36, '休闲');
INSERT INTO `product_sku` VALUES (2034174281759330325, 3003, 'SKU-3003-4', '宽松休闲裤 XL', 189.00, 37, '黑色', 'XL', 'ON', '2026-03-20 21:28:57', '2026-04-17 00:29:17', 0, 102, 98, 39, '宽松');
INSERT INTO `product_sku` VALUES (2034174281759330326, 3003, 'SKU-3003-5', '宽松休闲裤 XXL', 189.00, 30, '黑色', 'XXL', 'ON', '2026-03-20 21:28:57', '2026-04-17 00:29:17', 0, 106, 108, 43, '休闲');
INSERT INTO `product_sku` VALUES (2034174281759330327, 3003, 'SKU-3003-6', '宽松休闲裤 XXXL', 189.00, 22, '黑色', 'XXXL', 'ON', '2026-03-20 21:28:57', '2026-04-17 00:29:17', 0, 108, 112, 45, '阔腿');
INSERT INTO `product_sku` VALUES (2034174281759330328, 3004, 'SKU-3004-3', '加长直筒裤 M', 259.00, 26, '灰色', 'M', 'ON', '2026-03-20 21:28:57', '2026-04-17 00:29:17', 0, 108, 80, 32, '常规');
INSERT INTO `product_sku` VALUES (2034174281759330329, 3004, 'SKU-3004-4', '加长直筒裤 L', 259.00, 29, '灰色', 'L', 'ON', '2026-03-20 21:28:57', '2026-04-17 00:29:17', 0, 112, 88, 35, '常规');
INSERT INTO `product_sku` VALUES (2034174281759330330, 3004, 'SKU-3004-5', '加长直筒裤 XL', 259.00, 24, '灰色', 'XL', 'ON', '2026-03-20 21:28:57', '2026-04-17 00:29:17', 0, 116, 94, 37, '直筒');
INSERT INTO `product_sku` VALUES (2034174281759330331, 3004, 'SKU-3004-6', '加长直筒裤 XXL', 259.00, 20, '灰色', 'XXL', 'ON', '2026-03-20 21:28:57', '2026-04-17 00:29:17', 0, 118, 98, 38, '常规');
INSERT INTO `product_sku` VALUES (2034174281759330332, 3005, 'SKU-3005-3', '弹力修身裤 S', 219.00, 32, '黑色', 'S', 'ON', '2026-03-20 21:28:57', '2026-04-17 00:29:17', 0, 96, 72, 28, '修身');
INSERT INTO `product_sku` VALUES (2034174281759330333, 3005, 'SKU-3005-4', '弹力修身裤 M', 219.00, 36, '黑色', 'M', 'ON', '2026-03-20 21:28:57', '2026-04-17 00:29:17', 0, 98, 76, 29, '修身');
INSERT INTO `product_sku` VALUES (2034174281759330334, 3005, 'SKU-3005-5', '弹力修身裤 L', 219.00, 34, '黑色', 'L', 'ON', '2026-03-20 21:28:57', '2026-04-17 00:29:17', 0, 101, 80, 31, '修身');
INSERT INTO `product_sku` VALUES (2034174281759330335, 3005, 'SKU-3005-6', '弹力修身裤 XL', 219.00, 30, '黑色', 'XL', 'ON', '2026-03-20 21:28:57', '2026-04-17 00:29:17', 0, 102, 88, 33, '修身');
INSERT INTO `product_sku` VALUES (2034174281759330336, 1, 'SKU-1-BLU-XXL-104', '蓝色 XXL', 209.00, 18, '蓝', 'XXL', 'ON', '2026-03-20 21:28:57', '2026-04-17 00:29:17', 0, 104, 88, 24, '直筒');
INSERT INTO `product_sku` VALUES (2034174281759330337, 1, 'SKU-1-BLK-XS-94', '黑色 XS', 189.00, 20, '黑', 'XS', 'ON', '2026-03-20 21:28:57', '2026-04-17 00:29:17', 0, 94, 70, 16, '修身');
INSERT INTO `product_sku` VALUES (2034174281759330338, 1, 'SKU-1-WHT-S-95', '白色 S', 189.00, 21, '白', 'S', 'ON', '2026-03-20 21:28:57', '2026-04-17 00:29:17', 0, 95, 71, 17, '修身');
INSERT INTO `product_sku` VALUES (2034174281759330339, 1, 'SKU-1-BLU-M-96-NEW', '蓝色 M', 199.00, 24, '蓝', 'M2', 'ON', '2026-03-20 21:28:57', '2026-04-17 00:29:17', 0, 96, 74, 18, '直筒');
INSERT INTO `product_sku` VALUES (2034174281759330340, 2, 'SKU-2-BLK-XS-95', '黑色 XS', 209.00, 19, '黑', 'XS', 'ON', '2026-03-20 21:28:57', '2026-04-17 00:29:17', 0, 95, 70, 16, '修身');
INSERT INTO `product_sku` VALUES (2034174281759330341, 2, 'SKU-2-GRY-XXL-107', '灰色 XXL', 229.00, 17, '灰', 'XXL', 'ON', '2026-03-20 21:28:57', '2026-04-17 00:29:17', 0, 107, 90, 25, '宽松');
INSERT INTO `product_sku` VALUES (2034174281759330342, 2, 'SKU-2-NVY-XXL-108', '藏青 XXL', 229.00, 15, '藏青', 'XXL', 'ON', '2026-03-20 21:28:57', '2026-04-17 00:29:17', 0, 108, 94, 26, '阔腿');
INSERT INTO `product_sku` VALUES (2034174281759330343, 3, 'SKU-3-KHA-XS-97', '卡其 XS', 229.00, 18, '卡其', 'XS', 'ON', '2026-03-20 21:28:57', '2026-04-17 00:29:17', 0, 97, 72, 18, '直筒');
INSERT INTO `product_sku` VALUES (2034174281759330344, 3, 'SKU-3-GRN-XXL-109', '军绿 XXL', 249.00, 16, '军绿', 'XXL', 'ON', '2026-03-20 21:28:57', '2026-04-17 00:29:17', 0, 109, 94, 26, '阔腿');
INSERT INTO `product_sku` VALUES (2034174281759330345, 3, 'SKU-3-BRN-XXXL-110', '棕色 XXXL', 259.00, 12, '棕', 'XXXL', 'ON', '2026-03-20 21:28:57', '2026-04-17 00:29:17', 0, 110, 100, 28, '阔腿');
INSERT INTO `product_sku` VALUES (2034174281759330346, 5001, 'SKU-5001-1', '春季九分修身牛仔裤 S', 199.00, 28, '蓝色', 'S', 'ON', '2026-03-20 21:57:25', '2026-04-17 00:29:17', 0, 88, 70, 27, '修身');
INSERT INTO `product_sku` VALUES (2034174281759330347, 5001, 'SKU-5001-2', '春季九分修身牛仔裤 M', 199.00, 32, '蓝色', 'M', 'ON', '2026-03-20 21:57:25', '2026-04-17 00:29:17', 0, 90, 74, 28, '修身');
INSERT INTO `product_sku` VALUES (2034174281759330348, 5001, 'SKU-5001-3', '春季九分修身牛仔裤 L', 199.00, 24, '蓝色', 'L', 'ON', '2026-03-20 21:57:25', '2026-04-17 00:29:17', 0, 92, 78, 29, '修身');
INSERT INTO `product_sku` VALUES (2034174281759330349, 5002, 'SKU-5002-1', '夏季薄款修身牛仔裤 S', 189.00, 30, '浅蓝', 'S', 'ON', '2026-03-20 21:57:25', '2026-04-17 00:29:17', 0, 89, 70, 27, '修身');
INSERT INTO `product_sku` VALUES (2034174281759330350, 5002, 'SKU-5002-2', '夏季薄款修身牛仔裤 M', 189.00, 34, '浅蓝', 'M', 'ON', '2026-03-20 21:57:25', '2026-04-17 00:29:17', 0, 91, 74, 28, '修身');
INSERT INTO `product_sku` VALUES (2034174281759330351, 5002, 'SKU-5002-3', '夏季薄款修身牛仔裤 L', 189.00, 25, '浅蓝', 'L', 'ON', '2026-03-20 21:57:25', '2026-04-17 00:29:17', 0, 93, 78, 29, '修身');
INSERT INTO `product_sku` VALUES (2034174281759330352, 5003, 'SKU-5003-1', '经典水洗修身牛仔裤 S', 209.00, 26, '深蓝', 'S', 'ON', '2026-03-20 21:57:25', '2026-04-17 00:29:17', 0, 90, 72, 28, '修身');
INSERT INTO `product_sku` VALUES (2034174281759330353, 5003, 'SKU-5003-2', '经典水洗修身牛仔裤 M', 209.00, 29, '深蓝', 'M', 'ON', '2026-03-20 21:57:25', '2026-04-17 00:29:17', 0, 92, 76, 29, '修身');
INSERT INTO `product_sku` VALUES (2034174281759330354, 5003, 'SKU-5003-3', '经典水洗修身牛仔裤 L', 209.00, 22, '深蓝', 'L', 'ON', '2026-03-20 21:57:25', '2026-04-17 00:29:17', 0, 94, 80, 30, '修身');
INSERT INTO `product_sku` VALUES (2034174281759330355, 5004, 'SKU-5004-1', '高弹修身牛仔裤 S', 219.00, 33, '黑色', 'S', 'ON', '2026-03-20 21:57:25', '2026-04-17 00:29:17', 0, 92, 72, 28, '修身');
INSERT INTO `product_sku` VALUES (2034174281759330356, 5004, 'SKU-5004-2', '高弹修身牛仔裤 M', 219.00, 36, '黑色', 'M', 'ON', '2026-03-20 21:57:25', '2026-04-17 00:29:17', 0, 94, 76, 29, '修身');
INSERT INTO `product_sku` VALUES (2034174281759330357, 5004, 'SKU-5004-3', '高弹修身牛仔裤 L', 219.00, 27, '黑色', 'L', 'ON', '2026-03-20 21:57:25', '2026-04-17 00:29:17', 0, 96, 80, 30, '修身');
INSERT INTO `product_sku` VALUES (2034174281759330358, 5005, 'SKU-5005-1', '都市修身休闲裤 S', 209.00, 25, '灰色', 'S', 'ON', '2026-03-20 21:57:25', '2026-04-17 00:29:17', 0, 92, 74, 28, '修身');
INSERT INTO `product_sku` VALUES (2034174281759330359, 5005, 'SKU-5005-2', '都市修身休闲裤 M', 209.00, 28, '灰色', 'M', 'ON', '2026-03-20 21:57:25', '2026-04-17 00:29:17', 0, 94, 78, 29, '修身');
INSERT INTO `product_sku` VALUES (2034174281759330360, 5005, 'SKU-5005-3', '都市修身休闲裤 L', 209.00, 21, '灰色', 'L', 'ON', '2026-03-20 21:57:25', '2026-04-17 00:29:17', 0, 96, 82, 30, '直筒');
INSERT INTO `product_sku` VALUES (2034174281759330361, 5006, 'SKU-5006-1', '商务修身长裤 M', 229.00, 22, '藏青', 'M', 'ON', '2026-03-20 21:57:25', '2026-04-17 00:29:17', 0, 96, 76, 29, '修身');
INSERT INTO `product_sku` VALUES (2034174281759330362, 5006, 'SKU-5006-2', '商务修身长裤 L', 229.00, 25, '藏青', 'L', 'ON', '2026-03-20 21:57:25', '2026-04-17 00:29:17', 0, 98, 80, 30, '修身');
INSERT INTO `product_sku` VALUES (2034174281759330363, 5006, 'SKU-5006-3', '商务修身长裤 XL', 229.00, 18, '藏青', 'XL', 'ON', '2026-03-20 21:57:25', '2026-04-17 00:29:17', 0, 100, 84, 31, '直筒');
INSERT INTO `product_sku` VALUES (2034174281759330364, 5007, 'SKU-5007-1', '轻商务修身裤 M', 219.00, 24, '黑色', 'M', 'ON', '2026-03-20 21:57:25', '2026-04-17 00:29:17', 0, 95, 76, 29, '修身');
INSERT INTO `product_sku` VALUES (2034174281759330365, 5007, 'SKU-5007-2', '轻商务修身裤 L', 219.00, 26, '黑色', 'L', 'ON', '2026-03-20 21:57:25', '2026-04-17 00:29:17', 0, 97, 80, 30, '修身');
INSERT INTO `product_sku` VALUES (2034174281759330366, 5007, 'SKU-5007-3', '轻商务修身裤 XL', 219.00, 19, '黑色', 'XL', 'ON', '2026-03-20 21:57:25', '2026-04-17 00:29:17', 0, 99, 84, 31, '直筒');
INSERT INTO `product_sku` VALUES (2034174281759330367, 5008, 'SKU-5008-1', '九分弹力修身裤 S', 199.00, 31, '黑色', 'S', 'ON', '2026-03-20 21:57:25', '2026-04-17 00:29:17', 0, 88, 72, 27, '修身');
INSERT INTO `product_sku` VALUES (2034174281759330368, 5008, 'SKU-5008-2', '九分弹力修身裤 M', 199.00, 34, '黑色', 'M', 'ON', '2026-03-20 21:57:25', '2026-04-17 00:29:17', 0, 90, 76, 28, '修身');
INSERT INTO `product_sku` VALUES (2034174281759330369, 5008, 'SKU-5008-3', '九分弹力修身裤 L', 199.00, 22, '黑色', 'L', 'ON', '2026-03-20 21:57:25', '2026-04-17 00:29:17', 0, 92, 80, 29, '修身');
INSERT INTO `product_sku` VALUES (2034174281759330370, 5009, 'SKU-5009-1', '修身直脚牛仔裤 S', 209.00, 24, '蓝色', 'S', 'ON', '2026-03-20 21:57:25', '2026-04-17 00:29:17', 0, 91, 72, 27, '修身');
INSERT INTO `product_sku` VALUES (2034174281759330371, 5009, 'SKU-5009-2', '修身直脚牛仔裤 M', 209.00, 27, '蓝色', 'M', 'ON', '2026-03-20 21:57:25', '2026-04-17 00:29:17', 0, 93, 76, 28, '修身');
INSERT INTO `product_sku` VALUES (2034174281759330372, 5009, 'SKU-5009-3', '修身直脚牛仔裤 L', 209.00, 20, '蓝色', 'L', 'ON', '2026-03-20 21:57:25', '2026-04-17 00:29:17', 0, 95, 80, 29, '直筒');
INSERT INTO `product_sku` VALUES (2034174281759330373, 5010, 'SKU-5010-1', '微弹修身休闲裤 S', 199.00, 23, '灰色', 'S', 'ON', '2026-03-20 21:57:25', '2026-04-17 00:29:17', 0, 92, 72, 27, '修身');
INSERT INTO `product_sku` VALUES (2034174281759330374, 5010, 'SKU-5010-2', '微弹修身休闲裤 M', 199.00, 26, '灰色', 'M', 'ON', '2026-03-20 21:57:25', '2026-04-17 00:29:17', 0, 94, 76, 28, '修身');
INSERT INTO `product_sku` VALUES (2034174281759330375, 5010, 'SKU-5010-3', '微弹修身休闲裤 L', 199.00, 19, '灰色', 'L', 'ON', '2026-03-20 21:57:25', '2026-04-17 00:29:17', 0, 96, 80, 29, '修身');
INSERT INTO `product_sku` VALUES (2034174281759330376, 5011, 'SKU-5011-1', '经典直筒牛仔裤A M', 229.00, 36, '深蓝', 'M', 'ON', '2026-03-20 21:57:25', '2026-04-17 00:29:17', 0, 98, 76, 30, '直筒');
INSERT INTO `product_sku` VALUES (2034174281759330377, 5011, 'SKU-5011-2', '经典直筒牛仔裤A L', 229.00, 38, '深蓝', 'L', 'ON', '2026-03-20 21:57:25', '2026-04-17 00:29:17', 0, 100, 80, 31, '直筒');
INSERT INTO `product_sku` VALUES (2034174281759330378, 5011, 'SKU-5011-3', '经典直筒牛仔裤A XL', 229.00, 29, '深蓝', 'XL', 'ON', '2026-03-20 21:57:25', '2026-04-17 00:29:17', 0, 102, 84, 32, '直筒');
INSERT INTO `product_sku` VALUES (2034174281759330379, 5012, 'SKU-5012-1', '经典直筒牛仔裤B M', 219.00, 35, '黑色', 'M', 'ON', '2026-03-20 21:57:25', '2026-04-17 00:29:17', 0, 98, 76, 30, '常规');
INSERT INTO `product_sku` VALUES (2034174281759330380, 5012, 'SKU-5012-2', '经典直筒牛仔裤B L', 219.00, 37, '黑色', 'L', 'ON', '2026-03-20 21:57:25', '2026-04-17 00:29:17', 0, 100, 80, 31, '常规');
INSERT INTO `product_sku` VALUES (2034174281759330381, 5012, 'SKU-5012-3', '经典直筒牛仔裤B XL', 219.00, 28, '黑色', 'XL', 'ON', '2026-03-20 21:57:25', '2026-04-17 00:29:17', 0, 102, 84, 32, '常规');
INSERT INTO `product_sku` VALUES (2034174281759330382, 5013, 'SKU-5013-1', '通勤直筒长裤 M', 239.00, 28, '灰色', 'M', 'ON', '2026-03-20 21:57:25', '2026-04-17 00:29:17', 0, 99, 78, 31, '直筒');
INSERT INTO `product_sku` VALUES (2034174281759330383, 5013, 'SKU-5013-2', '通勤直筒长裤 L', 239.00, 31, '灰色', 'L', 'ON', '2026-03-20 21:57:25', '2026-04-17 00:29:17', 0, 101, 82, 32, '直筒');
INSERT INTO `product_sku` VALUES (2034174281759330384, 5013, 'SKU-5013-3', '通勤直筒长裤 XL', 239.00, 24, '灰色', 'XL', 'ON', '2026-03-20 21:57:25', '2026-04-17 00:29:17', 0, 103, 86, 33, '常规');
INSERT INTO `product_sku` VALUES (2034174281759330385, 5014, 'SKU-5014-1', '商务直筒裤 M', 249.00, 24, '藏青', 'M', 'ON', '2026-03-20 21:57:25', '2026-04-17 00:29:17', 0, 100, 78, 31, '常规');
INSERT INTO `product_sku` VALUES (2034174281759330386, 5014, 'SKU-5014-2', '商务直筒裤 L', 249.00, 27, '藏青', 'L', 'ON', '2026-03-20 21:57:25', '2026-04-17 00:29:17', 0, 102, 82, 32, '常规');
INSERT INTO `product_sku` VALUES (2034174281759330387, 5014, 'SKU-5014-3', '商务直筒裤 XL', 249.00, 20, '藏青', 'XL', 'ON', '2026-03-20 21:57:25', '2026-04-17 00:29:17', 0, 104, 86, 33, '常规');
INSERT INTO `product_sku` VALUES (2034174281759330388, 5015, 'SKU-5015-1', '基础款直筒裤 M', 209.00, 30, '黑色', 'M', 'ON', '2026-03-20 21:57:25', '2026-04-17 00:29:17', 0, 98, 78, 30, '直筒');
INSERT INTO `product_sku` VALUES (2034174281759330389, 5015, 'SKU-5015-2', '基础款直筒裤 L', 209.00, 33, '黑色', 'L', 'ON', '2026-03-20 21:57:25', '2026-04-17 00:29:17', 0, 100, 82, 31, '直筒');
INSERT INTO `product_sku` VALUES (2034174281759330390, 5015, 'SKU-5015-3', '基础款直筒裤 XL', 209.00, 26, '黑色', 'XL', 'ON', '2026-03-20 21:57:25', '2026-04-17 00:29:17', 0, 102, 86, 32, '直筒');
INSERT INTO `product_sku` VALUES (2034174281759330391, 5016, 'SKU-5016-1', '日常直筒牛仔裤 M', 219.00, 29, '蓝色', 'M', 'ON', '2026-03-20 21:57:25', '2026-04-17 00:29:17', 0, 99, 78, 30, '直筒');
INSERT INTO `product_sku` VALUES (2034174281759330392, 5016, 'SKU-5016-2', '日常直筒牛仔裤 L', 219.00, 32, '蓝色', 'L', 'ON', '2026-03-20 21:57:25', '2026-04-17 00:29:17', 0, 101, 82, 31, '直筒');
INSERT INTO `product_sku` VALUES (2034174281759330393, 5016, 'SKU-5016-3', '日常直筒牛仔裤 XL', 219.00, 25, '蓝色', 'XL', 'ON', '2026-03-20 21:57:25', '2026-04-17 00:29:17', 0, 103, 86, 32, '常规');
INSERT INTO `product_sku` VALUES (2034174281759330394, 5017, 'SKU-5017-1', '轻复古直筒牛仔裤 M', 229.00, 22, '复古蓝', 'M', 'ON', '2026-03-20 21:57:25', '2026-04-17 00:29:17', 0, 100, 78, 31, '直筒');
INSERT INTO `product_sku` VALUES (2034174281759330395, 5017, 'SKU-5017-2', '轻复古直筒牛仔裤 L', 229.00, 24, '复古蓝', 'L', 'ON', '2026-03-20 21:57:25', '2026-04-17 00:29:17', 0, 102, 82, 32, '直筒');
INSERT INTO `product_sku` VALUES (2034174281759330396, 5017, 'SKU-5017-3', '轻复古直筒牛仔裤 XL', 229.00, 18, '复古蓝', 'XL', 'ON', '2026-03-20 21:57:25', '2026-04-17 00:29:17', 0, 104, 86, 33, '常规');
INSERT INTO `product_sku` VALUES (2034174281759330397, 5018, 'SKU-5018-1', '经典直脚长裤 M', 219.00, 21, '黑色', 'M', 'ON', '2026-03-20 21:57:25', '2026-04-17 00:29:17', 0, 99, 80, 30, '常规');
INSERT INTO `product_sku` VALUES (2034174281759330398, 5018, 'SKU-5018-2', '经典直脚长裤 L', 219.00, 24, '黑色', 'L', 'ON', '2026-03-20 21:57:25', '2026-04-17 00:29:17', 0, 101, 84, 31, '常规');
INSERT INTO `product_sku` VALUES (2034174281759330399, 5018, 'SKU-5018-3', '经典直脚长裤 XL', 219.00, 17, '黑色', 'XL', 'ON', '2026-03-20 21:57:25', '2026-04-17 00:29:17', 0, 103, 88, 32, '常规');
INSERT INTO `product_sku` VALUES (2034174281759330400, 5019, 'SKU-5019-1', '秋季直筒休闲裤 M', 229.00, 23, '卡其', 'M', 'ON', '2026-03-20 21:57:25', '2026-04-17 00:29:17', 0, 100, 80, 31, '直筒');
INSERT INTO `product_sku` VALUES (2034174281759330401, 5019, 'SKU-5019-2', '秋季直筒休闲裤 L', 229.00, 25, '卡其', 'L', 'ON', '2026-03-20 21:57:25', '2026-04-17 00:29:17', 0, 102, 84, 32, '直筒');
INSERT INTO `product_sku` VALUES (2034174281759330402, 5019, 'SKU-5019-3', '秋季直筒休闲裤 XL', 229.00, 19, '卡其', 'XL', 'ON', '2026-03-20 21:57:25', '2026-04-17 00:29:17', 0, 104, 88, 33, '常规');
INSERT INTO `product_sku` VALUES (2034174281759330403, 5020, 'SKU-5020-1', '四季百搭直筒裤 M', 219.00, 34, '灰色', 'M', 'ON', '2026-03-20 21:57:25', '2026-04-17 00:29:17', 0, 99, 78, 30, '常规');
INSERT INTO `product_sku` VALUES (2034174281759330404, 5020, 'SKU-5020-2', '四季百搭直筒裤 L', 219.00, 37, '灰色', 'L', 'ON', '2026-03-20 21:57:25', '2026-04-17 00:29:17', 0, 101, 82, 31, '常规');
INSERT INTO `product_sku` VALUES (2034174281759330405, 5020, 'SKU-5020-3', '四季百搭直筒裤 XL', 219.00, 28, '灰色', 'XL', 'ON', '2026-03-20 21:57:25', '2026-04-17 00:29:17', 0, 103, 86, 32, '常规');
INSERT INTO `product_sku` VALUES (2034174281759330406, 5021, 'SKU-5021-1', '宽松休闲裤A L', 189.00, 32, '黑色', 'L', 'ON', '2026-03-20 21:57:25', '2026-04-17 00:29:17', 0, 98, 86, 36, '宽松');
INSERT INTO `product_sku` VALUES (2034174281759330407, 5021, 'SKU-5021-2', '宽松休闲裤A XL', 189.00, 34, '黑色', 'XL', 'ON', '2026-03-20 21:57:25', '2026-04-17 00:29:17', 0, 100, 90, 38, '宽松');
INSERT INTO `product_sku` VALUES (2034174281759330408, 5021, 'SKU-5021-3', '宽松休闲裤A XXL', 189.00, 27, '黑色', 'XXL', 'ON', '2026-03-20 21:57:25', '2026-04-17 00:29:17', 0, 102, 94, 40, '休闲');
INSERT INTO `product_sku` VALUES (2034174281759330409, 5022, 'SKU-5022-1', '宽松休闲裤B L', 189.00, 30, '军绿', 'L', 'ON', '2026-03-20 21:57:25', '2026-04-17 00:29:17', 0, 99, 88, 36, '宽松');
INSERT INTO `product_sku` VALUES (2034174281759330410, 5022, 'SKU-5022-2', '宽松休闲裤B XL', 189.00, 33, '军绿', 'XL', 'ON', '2026-03-20 21:57:25', '2026-04-17 00:29:17', 0, 101, 92, 38, '休闲');
INSERT INTO `product_sku` VALUES (2034174281759330411, 5022, 'SKU-5022-3', '宽松休闲裤B XXL', 189.00, 24, '军绿', 'XXL', 'ON', '2026-03-20 21:57:25', '2026-04-17 00:29:17', 0, 103, 96, 40, '休闲');
INSERT INTO `product_sku` VALUES (2034174281759330412, 5023, 'SKU-5023-1', '宽松直筒裤 L', 199.00, 27, '灰色', 'L', 'ON', '2026-03-20 21:57:25', '2026-04-17 00:29:17', 0, 100, 86, 35, '常规');
INSERT INTO `product_sku` VALUES (2034174281759330413, 5023, 'SKU-5023-2', '宽松直筒裤 XL', 199.00, 30, '灰色', 'XL', 'ON', '2026-03-20 21:57:25', '2026-04-17 00:29:17', 0, 102, 90, 37, '宽松');
INSERT INTO `product_sku` VALUES (2034174281759330414, 5023, 'SKU-5023-3', '宽松直筒裤 XXL', 199.00, 22, '灰色', 'XXL', 'ON', '2026-03-20 21:57:25', '2026-04-17 00:29:17', 0, 104, 94, 39, '宽松');
INSERT INTO `product_sku` VALUES (2034174281759330415, 5024, 'SKU-5024-1', '舒适宽松工装裤 L', 239.00, 26, '卡其', 'L', 'ON', '2026-03-20 21:57:25', '2026-04-17 00:29:17', 0, 100, 88, 36, '宽松');
INSERT INTO `product_sku` VALUES (2034174281759330416, 5024, 'SKU-5024-2', '舒适宽松工装裤 XL', 239.00, 28, '卡其', 'XL', 'ON', '2026-03-20 21:57:25', '2026-04-17 00:29:17', 0, 102, 92, 38, '休闲');
INSERT INTO `product_sku` VALUES (2034174281759330417, 5024, 'SKU-5024-3', '舒适宽松工装裤 XXL', 239.00, 20, '卡其', 'XXL', 'ON', '2026-03-20 21:57:25', '2026-04-17 00:29:17', 0, 104, 96, 40, '休闲');
INSERT INTO `product_sku` VALUES (2034174281759330418, 5025, 'SKU-5025-1', '潮流宽松休闲裤 L', 209.00, 24, '棕色', 'L', 'ON', '2026-03-20 21:57:25', '2026-04-17 00:29:17', 0, 99, 86, 36, '宽松');
INSERT INTO `product_sku` VALUES (2034174281759330419, 5025, 'SKU-5025-2', '潮流宽松休闲裤 XL', 209.00, 26, '棕色', 'XL', 'ON', '2026-03-20 21:57:25', '2026-04-17 00:29:17', 0, 101, 90, 38, '宽松');
INSERT INTO `product_sku` VALUES (2034174281759330420, 5025, 'SKU-5025-3', '潮流宽松休闲裤 XXL', 209.00, 18, '棕色', 'XXL', 'ON', '2026-03-20 21:57:25', '2026-04-17 00:29:17', 0, 103, 94, 40, '阔腿');
INSERT INTO `product_sku` VALUES (2034174281759330421, 5026, 'SKU-5026-1', '大码宽松长裤 XL', 219.00, 23, '黑色', 'XL', 'ON', '2026-03-20 21:57:25', '2026-04-17 00:29:17', 0, 100, 92, 39, '休闲');
INSERT INTO `product_sku` VALUES (2034174281759330422, 5026, 'SKU-5026-2', '大码宽松长裤 XXL', 219.00, 25, '黑色', 'XXL', 'ON', '2026-03-20 21:57:25', '2026-04-17 00:29:17', 0, 102, 96, 41, '休闲');
INSERT INTO `product_sku` VALUES (2034174281759330423, 5026, 'SKU-5026-3', '大码宽松长裤 XXXL', 219.00, 17, '黑色', 'XXXL', 'ON', '2026-03-20 21:57:25', '2026-04-17 00:29:17', 0, 104, 100, 43, '阔腿');
INSERT INTO `product_sku` VALUES (2034174281759330424, 5027, 'SKU-5027-1', '轻工装宽松裤 L', 229.00, 22, '军绿', 'L', 'ON', '2026-03-20 21:57:25', '2026-04-17 00:29:17', 0, 99, 88, 36, '宽松');
INSERT INTO `product_sku` VALUES (2034174281759330425, 5027, 'SKU-5027-2', '轻工装宽松裤 XL', 229.00, 24, '军绿', 'XL', 'ON', '2026-03-20 21:57:25', '2026-04-17 00:29:17', 0, 101, 92, 38, '休闲');
INSERT INTO `product_sku` VALUES (2034174281759330426, 5027, 'SKU-5027-3', '轻工装宽松裤 XXL', 229.00, 16, '军绿', 'XXL', 'ON', '2026-03-20 21:57:25', '2026-04-17 00:29:17', 0, 103, 96, 40, '阔腿');
INSERT INTO `product_sku` VALUES (2034174281759330427, 5028, 'SKU-5028-1', '宽松锥形裤 L', 209.00, 20, '灰色', 'L', 'ON', '2026-03-20 21:57:25', '2026-04-17 00:29:17', 0, 98, 86, 34, '宽松');
INSERT INTO `product_sku` VALUES (2034174281759330428, 5028, 'SKU-5028-2', '宽松锥形裤 XL', 209.00, 23, '灰色', 'XL', 'ON', '2026-03-20 21:57:25', '2026-04-17 00:29:17', 0, 100, 90, 35, '宽松');
INSERT INTO `product_sku` VALUES (2034174281759330429, 5028, 'SKU-5028-3', '宽松锥形裤 XXL', 209.00, 15, '灰色', 'XXL', 'ON', '2026-03-20 21:57:25', '2026-04-17 00:29:17', 0, 102, 94, 36, '休闲');
INSERT INTO `product_sku` VALUES (2034174281759330430, 5029, 'SKU-5029-1', '宽松直脚长裤 L', 219.00, 21, '藏青', 'L', 'ON', '2026-03-20 21:57:25', '2026-04-17 00:29:17', 0, 100, 88, 36, '常规');
INSERT INTO `product_sku` VALUES (2034174281759330431, 5029, 'SKU-5029-2', '宽松直脚长裤 XL', 219.00, 24, '藏青', 'XL', 'ON', '2026-03-20 21:57:25', '2026-04-17 00:29:17', 0, 102, 92, 38, '宽松');
INSERT INTO `product_sku` VALUES (2034174281759330432, 5029, 'SKU-5029-3', '宽松直脚长裤 XXL', 219.00, 16, '藏青', 'XXL', 'ON', '2026-03-20 21:57:25', '2026-04-17 00:29:17', 0, 104, 96, 40, '休闲');
INSERT INTO `product_sku` VALUES (2034174281759330433, 5030, 'SKU-5030-1', '舒适大码休闲裤 XL', 199.00, 22, '黑色', 'XL', 'ON', '2026-03-20 21:57:25', '2026-04-17 00:29:17', 0, 100, 92, 39, '宽松');
INSERT INTO `product_sku` VALUES (2034174281759330434, 5030, 'SKU-5030-2', '舒适大码休闲裤 XXL', 199.00, 24, '黑色', 'XXL', 'ON', '2026-03-20 21:57:25', '2026-04-17 00:29:17', 0, 102, 96, 41, '休闲');
INSERT INTO `product_sku` VALUES (2034174281759330435, 5030, 'SKU-5030-3', '舒适大码休闲裤 XXXL', 199.00, 17, '黑色', 'XXXL', 'ON', '2026-03-20 21:57:25', '2026-04-17 00:29:17', 0, 104, 100, 43, '阔腿');
INSERT INTO `product_sku` VALUES (2034174281759330436, 5031, 'SKU-5031-1', '多口袋工装裤A M', 239.00, 29, '军绿', 'M', 'ON', '2026-03-20 21:57:25', '2026-04-17 00:29:17', 0, 99, 78, 20, '直筒');
INSERT INTO `product_sku` VALUES (2034174281759330437, 5031, 'SKU-5031-2', '多口袋工装裤A L', 239.00, 31, '军绿', 'L', 'ON', '2026-03-20 21:57:25', '2026-04-17 00:29:17', 0, 101, 82, 21, '宽松');
INSERT INTO `product_sku` VALUES (2034174281759330438, 5031, 'SKU-5031-3', '多口袋工装裤A XL', 239.00, 24, '军绿', 'XL', 'ON', '2026-03-20 21:57:25', '2026-04-17 00:29:17', 0, 103, 86, 22, '阔腿');
INSERT INTO `product_sku` VALUES (2034174281759330439, 5032, 'SKU-5032-1', '多口袋工装裤B M', 249.00, 26, '卡其', 'M', 'ON', '2026-03-20 21:57:25', '2026-04-17 00:29:17', 0, 100, 78, 20, '直筒');
INSERT INTO `product_sku` VALUES (2034174281759330440, 5032, 'SKU-5032-2', '多口袋工装裤B L', 249.00, 28, '卡其', 'L', 'ON', '2026-03-20 21:57:25', '2026-04-17 00:29:17', 0, 102, 82, 21, '宽松');
INSERT INTO `product_sku` VALUES (2034174281759330441, 5032, 'SKU-5032-3', '多口袋工装裤B XL', 249.00, 21, '卡其', 'XL', 'ON', '2026-03-20 21:57:25', '2026-04-17 00:29:17', 0, 104, 86, 22, '阔腿');
INSERT INTO `product_sku` VALUES (2034174281759330442, 5033, 'SKU-5033-1', '工装束脚裤 M', 229.00, 24, '黑色', 'M', 'ON', '2026-03-20 21:57:25', '2026-04-17 00:29:17', 0, 98, 76, 18, '修身');
INSERT INTO `product_sku` VALUES (2034174281759330443, 5033, 'SKU-5033-2', '工装束脚裤 L', 229.00, 26, '黑色', 'L', 'ON', '2026-03-20 21:57:25', '2026-04-17 00:29:17', 0, 100, 80, 19, '直筒');
INSERT INTO `product_sku` VALUES (2034174281759330444, 5033, 'SKU-5033-3', '工装束脚裤 XL', 229.00, 19, '黑色', 'XL', 'ON', '2026-03-20 21:57:25', '2026-04-17 00:29:17', 0, 102, 84, 20, '宽松');
INSERT INTO `product_sku` VALUES (2034174281759330445, 5034, 'SKU-5034-1', '工装直筒裤 M', 239.00, 23, '灰色', 'M', 'ON', '2026-03-20 21:57:25', '2026-04-17 00:29:17', 0, 100, 78, 20, '直筒');
INSERT INTO `product_sku` VALUES (2034174281759330446, 5034, 'SKU-5034-2', '工装直筒裤 L', 239.00, 25, '灰色', 'L', 'ON', '2026-03-20 21:57:25', '2026-04-17 00:29:17', 0, 102, 82, 21, '直筒');
INSERT INTO `product_sku` VALUES (2034174281759330447, 5034, 'SKU-5034-3', '工装直筒裤 XL', 239.00, 18, '灰色', 'XL', 'ON', '2026-03-20 21:57:25', '2026-04-17 00:29:17', 0, 104, 86, 22, '宽松');
INSERT INTO `product_sku` VALUES (2034174281759330448, 5035, 'SKU-5035-1', '城市工装裤 M', 229.00, 22, '藏青', 'M', 'ON', '2026-03-20 21:57:25', '2026-04-17 00:29:17', 0, 99, 78, 20, '直筒');
INSERT INTO `product_sku` VALUES (2034174281759330449, 5035, 'SKU-5035-2', '城市工装裤 L', 229.00, 24, '藏青', 'L', 'ON', '2026-03-20 21:57:25', '2026-04-17 00:29:17', 0, 101, 82, 21, '宽松');
INSERT INTO `product_sku` VALUES (2034174281759330450, 5035, 'SKU-5035-3', '城市工装裤 XL', 229.00, 17, '藏青', 'XL', 'ON', '2026-03-20 21:57:25', '2026-04-17 00:29:17', 0, 103, 86, 22, '阔腿');
INSERT INTO `product_sku` VALUES (2034174281759330451, 5036, 'SKU-5036-1', '户外工装长裤 L', 249.00, 21, '军绿', 'L', 'ON', '2026-03-20 21:57:25', '2026-04-17 00:29:17', 0, 102, 82, 21, '宽松');
INSERT INTO `product_sku` VALUES (2034174281759330452, 5036, 'SKU-5036-2', '户外工装长裤 XL', 249.00, 23, '军绿', 'XL', 'ON', '2026-03-20 21:57:25', '2026-04-17 00:29:17', 0, 104, 86, 22, '阔腿');
INSERT INTO `product_sku` VALUES (2034174281759330453, 5036, 'SKU-5036-3', '户外工装长裤 XXL', 249.00, 16, '军绿', 'XXL', 'ON', '2026-03-20 21:57:25', '2026-04-17 00:29:17', 0, 106, 90, 23, '阔腿');
INSERT INTO `product_sku` VALUES (2034174281759330454, 5037, 'SKU-5037-1', '宽松工装长裤 L', 239.00, 25, '卡其', 'L', 'ON', '2026-03-20 21:57:25', '2026-04-17 00:29:17', 0, 101, 84, 22, '宽松');
INSERT INTO `product_sku` VALUES (2034174281759330455, 5037, 'SKU-5037-2', '宽松工装长裤 XL', 239.00, 27, '卡其', 'XL', 'ON', '2026-03-20 21:57:25', '2026-04-17 00:29:17', 0, 103, 88, 23, '阔腿');
INSERT INTO `product_sku` VALUES (2034174281759330456, 5037, 'SKU-5037-3', '宽松工装长裤 XXL', 239.00, 19, '卡其', 'XXL', 'ON', '2026-03-20 21:57:25', '2026-04-17 00:29:17', 0, 105, 92, 24, '阔腿');
INSERT INTO `product_sku` VALUES (2034174281759330457, 5038, 'SKU-5038-1', '复古工装裤 M', 239.00, 20, '棕色', 'M', 'ON', '2026-03-20 21:57:25', '2026-04-17 00:29:17', 0, 100, 80, 20, '直筒');
INSERT INTO `product_sku` VALUES (2034174281759330458, 5038, 'SKU-5038-2', '复古工装裤 L', 239.00, 22, '棕色', 'L', 'ON', '2026-03-20 21:57:25', '2026-04-17 00:29:17', 0, 102, 84, 21, '宽松');
INSERT INTO `product_sku` VALUES (2034174281759330459, 5038, 'SKU-5038-3', '复古工装裤 XL', 239.00, 15, '棕色', 'XL', 'ON', '2026-03-20 21:57:25', '2026-04-17 00:29:17', 0, 104, 88, 22, '阔腿');
INSERT INTO `product_sku` VALUES (2034174281759330460, 5039, 'SKU-5039-1', '工装宽腿裤 L', 249.00, 19, '黑色', 'L', 'ON', '2026-03-20 21:57:25', '2026-04-17 00:29:17', 0, 102, 84, 24, '阔腿');
INSERT INTO `product_sku` VALUES (2034174281759330461, 5039, 'SKU-5039-2', '工装宽腿裤 XL', 249.00, 21, '黑色', 'XL', 'ON', '2026-03-20 21:57:25', '2026-04-17 00:29:17', 0, 104, 88, 25, '阔腿');
INSERT INTO `product_sku` VALUES (2034174281759330462, 5039, 'SKU-5039-3', '工装宽腿裤 XXL', 249.00, 14, '黑色', 'XXL', 'ON', '2026-03-20 21:57:25', '2026-04-17 00:29:17', 0, 106, 92, 26, '阔腿');
INSERT INTO `product_sku` VALUES (2034174281759330463, 5040, 'SKU-5040-1', '工装休闲裤 M', 229.00, 24, '灰色', 'M', 'ON', '2026-03-20 21:57:25', '2026-04-17 00:29:17', 0, 100, 80, 21, '直筒');
INSERT INTO `product_sku` VALUES (2034174281759330464, 5040, 'SKU-5040-2', '工装休闲裤 L', 229.00, 26, '灰色', 'L', 'ON', '2026-03-20 21:57:25', '2026-04-17 00:29:17', 0, 102, 84, 22, '宽松');
INSERT INTO `product_sku` VALUES (2034174281759330465, 5040, 'SKU-5040-3', '工装休闲裤 XL', 229.00, 18, '灰色', 'XL', 'ON', '2026-03-20 21:57:25', '2026-04-17 00:29:17', 0, 104, 88, 23, '阔腿');
INSERT INTO `product_sku` VALUES (2034174281759330466, 5041, 'SKU-5041-1', '加长直筒裤A L', 259.00, 18, '灰色', 'L', 'ON', '2026-03-20 21:57:25', '2026-04-17 00:29:17', 0, 108, 82, 32, '常规');
INSERT INTO `product_sku` VALUES (2034174281759330467, 5041, 'SKU-5041-2', '加长直筒裤A XL', 259.00, 20, '灰色', 'XL', 'ON', '2026-03-20 21:57:25', '2026-04-17 00:29:17', 0, 112, 86, 34, '常规');
INSERT INTO `product_sku` VALUES (2034174281759330468, 5041, 'SKU-5041-3', '加长直筒裤A XXL', 259.00, 15, '灰色', 'XXL', 'ON', '2026-03-20 21:57:25', '2026-04-17 00:29:17', 0, 116, 90, 36, '常规');
INSERT INTO `product_sku` VALUES (2034174281759330469, 5042, 'SKU-5042-1', '加长直筒裤B L', 259.00, 17, '藏青', 'L', 'ON', '2026-03-20 21:57:25', '2026-04-17 00:29:17', 0, 109, 82, 32, '直筒');
INSERT INTO `product_sku` VALUES (2034174281759330470, 5042, 'SKU-5042-2', '加长直筒裤B XL', 259.00, 19, '藏青', 'XL', 'ON', '2026-03-20 21:57:25', '2026-04-17 00:29:17', 0, 113, 86, 34, '直筒');
INSERT INTO `product_sku` VALUES (2034174281759330471, 5042, 'SKU-5042-3', '加长直筒裤B XXL', 259.00, 14, '藏青', 'XXL', 'ON', '2026-03-20 21:57:25', '2026-04-17 00:29:17', 0, 117, 90, 36, '常规');
INSERT INTO `product_sku` VALUES (2034174281759330472, 5043, 'SKU-5043-1', '高个专属长裤 L', 269.00, 16, '黑色', 'L', 'ON', '2026-03-20 21:57:25', '2026-04-17 00:29:17', 0, 110, 82, 33, '常规');
INSERT INTO `product_sku` VALUES (2034174281759330473, 5043, 'SKU-5043-2', '高个专属长裤 XL', 269.00, 18, '黑色', 'XL', 'ON', '2026-03-20 21:57:25', '2026-04-17 00:29:17', 0, 114, 86, 35, '常规');
INSERT INTO `product_sku` VALUES (2034174281759330474, 5043, 'SKU-5043-3', '高个专属长裤 XXL', 269.00, 13, '黑色', 'XXL', 'ON', '2026-03-20 21:57:25', '2026-04-17 00:29:17', 0, 118, 90, 37, '常规');
INSERT INTO `product_sku` VALUES (2034174281759330475, 5044, 'SKU-5044-1', '加长商务长裤 L', 279.00, 15, '藏青', 'L', 'ON', '2026-03-20 21:57:25', '2026-04-17 00:29:17', 0, 110, 84, 33, '常规');
INSERT INTO `product_sku` VALUES (2034174281759330476, 5044, 'SKU-5044-2', '加长商务长裤 XL', 279.00, 17, '藏青', 'XL', 'ON', '2026-03-20 21:57:25', '2026-04-17 00:29:17', 0, 114, 88, 35, '常规');
INSERT INTO `product_sku` VALUES (2034174281759330477, 5044, 'SKU-5044-3', '加长商务长裤 XXL', 279.00, 12, '藏青', 'XXL', 'ON', '2026-03-20 21:57:25', '2026-04-17 00:29:17', 0, 118, 92, 37, '常规');
INSERT INTO `product_sku` VALUES (2034174281759330478, 5045, 'SKU-5045-1', '加长牛仔裤 L', 259.00, 17, '深蓝', 'L', 'ON', '2026-03-20 21:57:25', '2026-04-17 00:29:17', 0, 109, 84, 33, '直筒');
INSERT INTO `product_sku` VALUES (2034174281759330479, 5045, 'SKU-5045-2', '加长牛仔裤 XL', 259.00, 19, '深蓝', 'XL', 'ON', '2026-03-20 21:57:25', '2026-04-17 00:29:17', 0, 113, 88, 35, '直筒');
INSERT INTO `product_sku` VALUES (2034174281759330480, 5045, 'SKU-5045-3', '加长牛仔裤 XXL', 259.00, 14, '深蓝', 'XXL', 'ON', '2026-03-20 21:57:25', '2026-04-17 00:29:17', 0, 117, 92, 37, '常规');
INSERT INTO `product_sku` VALUES (2034174281759330481, 5046, 'SKU-5046-1', '高个直脚裤 L', 249.00, 14, '黑色', 'L', 'ON', '2026-03-20 21:57:25', '2026-04-17 00:29:17', 0, 108, 82, 31, '常规');
INSERT INTO `product_sku` VALUES (2034174281759330482, 5046, 'SKU-5046-2', '高个直脚裤 XL', 249.00, 16, '黑色', 'XL', 'ON', '2026-03-20 21:57:25', '2026-04-17 00:29:17', 0, 112, 86, 33, '常规');
INSERT INTO `product_sku` VALUES (2034174281759330483, 5046, 'SKU-5046-3', '高个直脚裤 XXL', 249.00, 11, '黑色', 'XXL', 'ON', '2026-03-20 21:57:25', '2026-04-17 00:29:17', 0, 116, 90, 35, '直筒');
INSERT INTO `product_sku` VALUES (2034174281759330484, 5047, 'SKU-5047-1', '秋冬加长直筒裤 L', 289.00, 13, '灰色', 'L', 'ON', '2026-03-20 21:57:25', '2026-04-17 00:29:17', 0, 110, 84, 33, '常规');
INSERT INTO `product_sku` VALUES (2034174281759330485, 5047, 'SKU-5047-2', '秋冬加长直筒裤 XL', 289.00, 15, '灰色', 'XL', 'ON', '2026-03-20 21:57:25', '2026-04-17 00:29:17', 0, 114, 88, 35, '常规');
INSERT INTO `product_sku` VALUES (2034174281759330486, 5047, 'SKU-5047-3', '秋冬加长直筒裤 XXL', 289.00, 10, '灰色', 'XXL', 'ON', '2026-03-20 21:57:25', '2026-04-17 00:29:17', 0, 118, 92, 37, '常规');
INSERT INTO `product_sku` VALUES (2034174281759330487, 5048, 'SKU-5048-1', '高个休闲长裤 L', 249.00, 14, '卡其', 'L', 'ON', '2026-03-20 21:57:25', '2026-04-17 00:29:17', 0, 109, 84, 33, '常规');
INSERT INTO `product_sku` VALUES (2034174281759330488, 5048, 'SKU-5048-2', '高个休闲长裤 XL', 249.00, 16, '卡其', 'XL', 'ON', '2026-03-20 21:57:25', '2026-04-17 00:29:17', 0, 113, 88, 35, '常规');
INSERT INTO `product_sku` VALUES (2034174281759330489, 5048, 'SKU-5048-3', '高个休闲长裤 XXL', 249.00, 11, '卡其', 'XXL', 'ON', '2026-03-20 21:57:25', '2026-04-17 00:29:17', 0, 117, 92, 37, '宽松');
INSERT INTO `product_sku` VALUES (2034174281759330490, 5049, 'SKU-5049-1', '加长休闲裤 L', 239.00, 13, '黑色', 'L', 'ON', '2026-03-20 21:57:25', '2026-04-17 00:29:17', 0, 108, 84, 33, '常规');
INSERT INTO `product_sku` VALUES (2034174281759330491, 5049, 'SKU-5049-2', '加长休闲裤 XL', 239.00, 15, '黑色', 'XL', 'ON', '2026-03-20 21:57:25', '2026-04-17 00:29:17', 0, 112, 88, 35, '宽松');
INSERT INTO `product_sku` VALUES (2034174281759330492, 5049, 'SKU-5049-3', '加长休闲裤 XXL', 239.00, 10, '黑色', 'XXL', 'ON', '2026-03-20 21:57:25', '2026-04-17 00:29:17', 0, 116, 92, 37, '宽松');
INSERT INTO `product_sku` VALUES (2034174281759330493, 5050, 'SKU-5050-1', '加长宽松裤 XL', 259.00, 12, '军绿', 'XL', 'ON', '2026-03-20 21:57:25', '2026-04-17 00:29:17', 0, 110, 90, 38, '宽松');
INSERT INTO `product_sku` VALUES (2034174281759330494, 5050, 'SKU-5050-2', '加长宽松裤 XXL', 259.00, 14, '军绿', 'XXL', 'ON', '2026-03-20 21:57:25', '2026-04-17 00:29:17', 0, 114, 94, 40, '阔腿');
INSERT INTO `product_sku` VALUES (2034174281759330495, 5050, 'SKU-5050-3', '加长宽松裤 XXXL', 259.00, 9, '军绿', 'XXXL', 'ON', '2026-03-20 21:57:25', '2026-04-17 00:29:17', 0, 118, 98, 42, '阔腿');
INSERT INTO `product_sku` VALUES (2034174281759330496, 6101, 'SKU-6101-1', '小个子九分修身裤 XS', 199.00, 26, '黑色', 'XS', 'ON', '2026-03-20 22:34:43', '2026-04-17 00:29:17', 0, 84, 66, 25, '修身');
INSERT INTO `product_sku` VALUES (2034174281759330497, 6101, 'SKU-6101-2', '小个子九分修身裤 S', 199.00, 28, '黑色', 'S', 'ON', '2026-03-20 22:34:43', '2026-04-17 00:29:17', 0, 86, 70, 26, '修身');
INSERT INTO `product_sku` VALUES (2034174281759330498, 6101, 'SKU-6101-3', '小个子九分修身裤 M', 199.00, 24, '黑色', 'M', 'ON', '2026-03-20 22:34:43', '2026-04-17 00:29:17', 0, 88, 74, 27, '修身');
INSERT INTO `product_sku` VALUES (2034174281759330499, 6101, 'SKU-6101-4', '小个子九分修身裤 L', 199.00, 20, '黑色', 'L', 'ON', '2026-03-20 22:34:43', '2026-04-17 00:29:17', 0, 90, 78, 28, '修身');
INSERT INTO `product_sku` VALUES (2034174281759330500, 6102, 'SKU-6102-1', '超小腰围修身牛仔裤 XXS', 209.00, 17, '蓝色', 'XXS', 'ON', '2026-03-20 22:34:43', '2026-04-17 00:29:17', 0, 88, 60, 25, '修身');
INSERT INTO `product_sku` VALUES (2034174281759330501, 6102, 'SKU-6102-2', '超小腰围修身牛仔裤 XS', 209.00, 21, '蓝色', 'XS', 'ON', '2026-03-20 22:34:43', '2026-04-17 00:29:17', 0, 90, 62, 26, '修身');
INSERT INTO `product_sku` VALUES (2034174281759330502, 6102, 'SKU-6102-3', '超小腰围修身牛仔裤 S', 209.00, 24, '蓝色', 'S', 'ON', '2026-03-20 22:34:43', '2026-04-17 00:29:17', 0, 92, 64, 27, '修身');
INSERT INTO `product_sku` VALUES (2034174281759330503, 6102, 'SKU-6102-4', '超小腰围修身牛仔裤 M', 209.00, 20, '蓝色', 'M', 'ON', '2026-03-20 22:34:43', '2026-04-17 00:29:17', 0, 94, 66, 28, '修身');
INSERT INTO `product_sku` VALUES (2034174281759330504, 6103, 'SKU-6103-1', '大腰围宽松休闲裤 XXL', 189.00, 20, '灰色', 'XXL', 'ON', '2026-03-20 22:34:43', '2026-04-17 00:29:17', 0, 100, 104, 41, '宽松');
INSERT INTO `product_sku` VALUES (2034174281759330505, 6103, 'SKU-6103-2', '大腰围宽松休闲裤 XXXL', 189.00, 18, '灰色', 'XXXL', 'ON', '2026-03-20 22:34:43', '2026-04-17 00:29:17', 0, 102, 108, 43, '休闲');
INSERT INTO `product_sku` VALUES (2034174281759330506, 6103, 'SKU-6103-3', '大腰围宽松休闲裤 XXXXL', 189.00, 15, '灰色', 'XXXXL', 'ON', '2026-03-20 22:34:43', '2026-04-17 00:29:17', 0, 104, 112, 45, '阔腿');
INSERT INTO `product_sku` VALUES (2034174281759330507, 6103, 'SKU-6103-4', '大腰围宽松休闲裤 XXXXXL', 189.00, 12, '灰色', 'XXXXXL', 'ON', '2026-03-20 22:34:43', '2026-04-17 00:29:17', 0, 106, 116, 47, '阔腿');
INSERT INTO `product_sku` VALUES (2034174281759330508, 6104, 'SKU-6104-1', '加大码宽松工装裤 XXL', 239.00, 19, '军绿', 'XXL', 'ON', '2026-03-20 22:34:43', '2026-04-17 00:29:17', 0, 102, 100, 42, '宽松');
INSERT INTO `product_sku` VALUES (2034174281759330509, 6104, 'SKU-6104-2', '加大码宽松工装裤 XXXL', 239.00, 16, '军绿', 'XXXL', 'ON', '2026-03-20 22:34:43', '2026-04-17 00:29:17', 0, 104, 104, 44, '休闲');
INSERT INTO `product_sku` VALUES (2034174281759330510, 6104, 'SKU-6104-3', '加大码宽松工装裤 XXXXL', 239.00, 14, '军绿', 'XXXXL', 'ON', '2026-03-20 22:34:43', '2026-04-17 00:29:17', 0, 106, 108, 46, '阔腿');
INSERT INTO `product_sku` VALUES (2034174281759330511, 6104, 'SKU-6104-4', '加大码宽松工装裤 XXXXXL', 239.00, 10, '军绿', 'XXXXXL', 'ON', '2026-03-20 22:34:43', '2026-04-17 00:29:17', 0, 108, 112, 48, '阔腿');
INSERT INTO `product_sku` VALUES (2034174281759330512, 6105, 'SKU-6105-1', '超长裤长直筒裤 L', 259.00, 15, '藏青', 'L', 'ON', '2026-03-20 22:34:43', '2026-04-17 00:29:17', 0, 112, 80, 32, '常规');
INSERT INTO `product_sku` VALUES (2034174281759330513, 6105, 'SKU-6105-2', '超长裤长直筒裤 XL', 259.00, 16, '藏青', 'XL', 'ON', '2026-03-20 22:34:43', '2026-04-17 00:29:17', 0, 116, 84, 34, '常规');
INSERT INTO `product_sku` VALUES (2034174281759330514, 6105, 'SKU-6105-3', '超长裤长直筒裤 XXL', 259.00, 13, '藏青', 'XXL', 'ON', '2026-03-20 22:34:43', '2026-04-17 00:29:17', 0, 120, 88, 36, '直筒');
INSERT INTO `product_sku` VALUES (2034174281759330515, 6105, 'SKU-6105-4', '超长裤长直筒裤 XXXL', 259.00, 10, '藏青', 'XXXL', 'ON', '2026-03-20 22:34:43', '2026-04-17 00:29:17', 0, 124, 92, 38, '直筒');
INSERT INTO `product_sku` VALUES (2034174281759330516, 6106, 'SKU-6106-1', '高个大码直筒裤 XL', 269.00, 14, '黑色', 'XL', 'ON', '2026-03-20 22:34:43', '2026-04-17 00:29:17', 0, 112, 92, 35, '常规');
INSERT INTO `product_sku` VALUES (2034174281759330517, 6106, 'SKU-6106-2', '高个大码直筒裤 XXL', 269.00, 15, '黑色', 'XXL', 'ON', '2026-03-20 22:34:43', '2026-04-17 00:29:17', 0, 116, 96, 37, '常规');
INSERT INTO `product_sku` VALUES (2034174281759330518, 6106, 'SKU-6106-3', '高个大码直筒裤 XXXL', 269.00, 12, '黑色', 'XXXL', 'ON', '2026-03-20 22:34:43', '2026-04-17 00:29:17', 0, 120, 100, 39, '宽松');
INSERT INTO `product_sku` VALUES (2034174281759330519, 6106, 'SKU-6106-4', '高个大码直筒裤 XXXXL', 269.00, 9, '黑色', 'XXXXL', 'ON', '2026-03-20 22:34:43', '2026-04-17 00:29:17', 0, 124, 104, 41, '宽松');
INSERT INTO `product_sku` VALUES (2034174281759330520, 6107, 'SKU-6107-1', '短裤长基础直筒裤 XS', 189.00, 24, '卡其', 'XS', 'ON', '2026-03-20 22:34:43', '2026-04-17 00:29:17', 0, 82, 68, 26, '直筒');
INSERT INTO `product_sku` VALUES (2034174281759330521, 6107, 'SKU-6107-2', '短裤长基础直筒裤 S', 189.00, 28, '卡其', 'S', 'ON', '2026-03-20 22:34:43', '2026-04-17 00:29:17', 0, 84, 72, 27, '直筒');
INSERT INTO `product_sku` VALUES (2034174281759330522, 6107, 'SKU-6107-3', '短裤长基础直筒裤 M', 189.00, 26, '卡其', 'M', 'ON', '2026-03-20 22:34:43', '2026-04-17 00:29:17', 0, 86, 76, 28, '常规');
INSERT INTO `product_sku` VALUES (2034174281759330523, 6107, 'SKU-6107-4', '短裤长基础直筒裤 L', 189.00, 21, '卡其', 'L', 'ON', '2026-03-20 22:34:43', '2026-04-17 00:29:17', 0, 88, 80, 29, '常规');
INSERT INTO `product_sku` VALUES (2042180510268026882, 9203, 'SKU-9203-XL-96-98', '黑色 XL', 189.00, 19, '黑色', 'XL', 'ON', '2026-04-09 17:59:10', '2026-04-17 00:29:17', 0, 98, 96, 24, '宽松');
INSERT INTO `product_sku` VALUES (2042180510280609794, 9203, 'SKU-9203-XXL-104-100', '黑色 XXL', 189.00, 15, '黑色', 'XXL', 'ON', '2026-04-09 17:59:10', '2026-04-17 00:29:17', 0, 100, 104, 26, '休闲');
INSERT INTO `product_sku` VALUES (2042180510288998401, 9203, 'SKU-9203-XXXL-112-102', '黑色 XXXL', 189.00, 16, '黑色', 'XXXL', 'ON', '2026-04-09 17:59:10', '2026-04-17 00:29:17', 0, 102, 112, 28, '阔腿');
INSERT INTO `product_sku` VALUES (2042180572826071041, 9205, 'SKU-9205-S-72-84', '米白 S', 189.00, 28, '米白', 'S', 'ON', '2026-04-09 17:59:25', '2026-04-17 00:29:17', 0, 84, 72, 17, '直筒');
INSERT INTO `product_sku` VALUES (2042180572842848258, 9205, 'SKU-9205-M-76-86', '米白 M', 189.00, 26, '米白', 'M', 'ON', '2026-04-09 17:59:25', '2026-04-17 00:29:17', 0, 86, 76, 18, '常规');
INSERT INTO `product_sku` VALUES (2042180572851236866, 9205, 'SKU-9205-L-80-88', '米白 L', 189.00, 21, '米白', 'L', 'ON', '2026-04-09 17:59:25', '2026-04-17 00:29:17', 0, 88, 80, 19, '常规');
INSERT INTO `product_sku` VALUES (2042180717437284354, 9207, 'SKU-9207-S-72-104', '藏青 S', 229.00, 22, '藏青', 'S', 'ON', '2026-04-09 18:00:00', '2026-04-17 00:29:17', 0, 104, 72, 18, '修身');
INSERT INTO `product_sku` VALUES (2042180717441478658, 9207, 'SKU-9207-M-76-108', '藏青 M', 229.00, 19, '藏青', 'M', 'ON', '2026-04-09 18:00:00', '2026-04-17 00:29:17', 0, 108, 76, 19, '修身');
INSERT INTO `product_sku` VALUES (2042180717445672962, 9207, 'SKU-9207-L-80-110', '藏青 L', 229.00, 16, '藏青', 'L', 'ON', '2026-04-09 18:00:00', '2026-04-17 00:29:17', 0, 110, 80, 20, '直筒');
INSERT INTO `product_sku` VALUES (2042180768289026050, 6108, 'SKU-6108-1', '极细腰围九分裤 XXS', 199.00, 16, '米白', 'XXS', 'ON', '2026-04-09 18:00:12', '2026-04-17 00:29:17', 0, 84, 58, 24, '修身');
INSERT INTO `product_sku` VALUES (2042180768301608961, 6108, 'SKU-6108-2', '极细腰围九分裤 XS', 199.00, 20, '米白', 'XS', 'ON', '2026-04-09 18:00:12', '2026-04-17 00:29:17', 0, 86, 60, 25, '修身');
INSERT INTO `product_sku` VALUES (2042180768305803265, 6108, 'SKU-6108-3', '极细腰围九分裤 S', 199.00, 21, '米白', 'S', 'ON', '2026-04-09 18:00:12', '2026-04-17 00:29:17', 0, 88, 62, 26, '修身');
INSERT INTO `product_sku` VALUES (2042180768314191874, 6108, 'SKU-6108-4', '极细腰围九分裤 M', 199.00, 18, '米白', 'M', 'ON', '2026-04-09 18:00:12', '2026-04-17 00:29:17', 0, 90, 64, 27, '修身');
INSERT INTO `product_sku` VALUES (2042181019708190722, 2040967388228325377, '123', '叮咚叮咚', 168.00, 54, '蓝', 'M', 'ON', '2026-04-09 18:01:12', '2026-04-17 00:29:17', 0, 97, 74, 19, '直筒');
INSERT INTO `product_sku` VALUES (2044990946550054914, 2044990946482946050, 'SKU-001', 'M', 199.00, 100, '黑', 'M', 'ON', '2026-04-17 12:06:50', '2026-04-17 12:07:17', 1, 111, 111, 111, '111');
INSERT INTO `product_sku` VALUES (2045152234353758210, 2045152234332786690, '111', '1111', 1.00, 11, '11', '11', 'ON', '2026-04-17 22:47:44', '2026-04-17 22:48:00', 1, 11, 11, 11, '11');

-- ----------------------------
-- Table structure for product_spu
-- ----------------------------
DROP TABLE IF EXISTS `product_spu`;
CREATE TABLE `product_spu`  (
  `id` bigint NOT NULL AUTO_INCREMENT,
  `name` varchar(128) CHARACTER SET utf8mb4 COLLATE utf8mb4_0900_ai_ci NOT NULL,
  `category_id` bigint NOT NULL,
  `description` text CHARACTER SET utf8mb4 COLLATE utf8mb4_0900_ai_ci NULL,
  `status` varchar(16) CHARACTER SET utf8mb4 COLLATE utf8mb4_0900_ai_ci NOT NULL,
  `sales` int NULL DEFAULT 0,
  `cover_url` varchar(255) CHARACTER SET utf8mb4 COLLATE utf8mb4_0900_ai_ci NULL DEFAULT NULL,
  `created_at` datetime NULL DEFAULT CURRENT_TIMESTAMP,
  `updated_at` datetime NULL DEFAULT CURRENT_TIMESTAMP ON UPDATE CURRENT_TIMESTAMP,
  `deleted` tinyint NULL DEFAULT 0,
  PRIMARY KEY (`id`) USING BTREE
) ENGINE = InnoDB AUTO_INCREMENT = 2040967388228325378 CHARACTER SET = utf8mb4 COLLATE = utf8mb4_0900_ai_ci ROW_FORMAT = DYNAMIC;

-- ----------------------------
-- Records of product_spu
-- ----------------------------
INSERT INTO `product_spu` VALUES (1, '经典直筒牛仔裤', 1, '经典版型，百搭耐穿', 'ON', 120, '/uploads/bucket_05_denim.jpg', '2026-03-02 22:04:05', '2026-04-08 23:49:58', 0);
INSERT INTO `product_spu` VALUES (2, '弹力修身牛仔裤', 1, '舒适弹力，修身显瘦', 'ON', 80, '/uploads/bucket_05_denim.jpg', '2026-03-02 22:04:05', '2026-04-08 23:49:58', 0);
INSERT INTO `product_spu` VALUES (3, '多口袋工装裤', 2, '实用多袋设计', 'ON', 60, '/uploads/bucket_04_cargo.jpg', '2026-03-02 22:04:05', '2026-04-08 23:49:58', 0);
INSERT INTO `product_spu` VALUES (3001, '九分修身牛仔裤', 1, '适合小个子和偏瘦体型', 'ON', 0, '/uploads/bucket_05_denim.jpg', '2026-03-20 00:36:24', '2026-04-08 23:49:58', 0);
INSERT INTO `product_spu` VALUES (3002, '经典直筒牛仔裤', 1, '日常百搭，适合多数人', 'ON', 0, '/uploads/bucket_05_denim.jpg', '2026-03-20 00:36:24', '2026-04-08 23:49:58', 0);
INSERT INTO `product_spu` VALUES (3003, '宽松休闲裤', 1, '适合偏胖体型，舒适不紧绷', 'ON', 0, '/uploads/bucket_03_relaxed.jpg', '2026-03-20 00:36:24', '2026-04-08 23:49:58', 0);
INSERT INTO `product_spu` VALUES (3004, '加长款直筒裤', 1, '适合高个子，裤长更长', 'ON', 0, '/uploads/bucket_06_straight.jpg', '2026-03-20 00:36:24', '2026-04-08 23:49:58', 0);
INSERT INTO `product_spu` VALUES (3005, '弹力修身裤', 1, '弹力面料，贴合腿型', 'ON', 0, '/uploads/bucket_02_slim.jpg', '2026-03-20 00:36:24', '2026-04-08 23:49:58', 0);
INSERT INTO `product_spu` VALUES (5001, '春季九分修身牛仔裤', 1, '适合小个子与偏瘦体型，九分长度更利落。', 'ON', 68, '/uploads/bucket_05_denim.jpg', '2026-03-20 21:41:56', '2026-04-08 23:49:58', 0);
INSERT INTO `product_spu` VALUES (5002, '夏季薄款修身牛仔裤', 1, '轻薄透气，适合夏季通勤穿搭。', 'ON', 72, '/uploads/bucket_05_denim.jpg', '2026-03-20 21:41:56', '2026-04-08 23:49:58', 0);
INSERT INTO `product_spu` VALUES (5003, '经典水洗修身牛仔裤', 1, '经典版型，适合日常休闲搭配。', 'ON', 65, '/uploads/bucket_05_denim.jpg', '2026-03-20 21:41:56', '2026-04-08 23:49:58', 0);
INSERT INTO `product_spu` VALUES (5004, '高弹修身牛仔裤', 1, '高弹面料，贴合腿型，舒适不紧绷。', 'ON', 84, '/uploads/bucket_05_denim.jpg', '2026-03-20 21:41:56', '2026-04-08 23:49:58', 0);
INSERT INTO `product_spu` VALUES (5005, '都市修身休闲裤', 1, '偏修身设计，适合标准体型用户。', 'ON', 59, '/uploads/bucket_02_slim.jpg', '2026-03-20 21:41:56', '2026-04-08 23:49:58', 0);
INSERT INTO `product_spu` VALUES (5006, '商务修身长裤', 1, '版型利落，适合商务通勤。', 'ON', 54, '/uploads/bucket_02_slim.jpg', '2026-03-20 21:41:56', '2026-04-08 23:49:58', 0);
INSERT INTO `product_spu` VALUES (5007, '轻商务修身裤', 1, '兼顾通勤与休闲，版型更显利落。', 'ON', 47, '/uploads/bucket_02_slim.jpg', '2026-03-20 21:41:56', '2026-04-08 23:49:58', 0);
INSERT INTO `product_spu` VALUES (5008, '九分弹力修身裤', 1, '适合春夏，长度偏短，更适合小个子。', 'ON', 63, '/uploads/bucket_11_jiufen_slim.jpg', '2026-03-20 21:41:56', '2026-04-08 23:55:33', 0);
INSERT INTO `product_spu` VALUES (5009, '修身直脚牛仔裤', 1, '裤脚更收敛，适合偏瘦与标准体型。', 'ON', 58, '/uploads/bucket_05_denim.jpg', '2026-03-20 21:41:56', '2026-04-08 23:49:58', 0);
INSERT INTO `product_spu` VALUES (5010, '微弹修身休闲裤', 1, '轻弹面料，穿着更舒适。', 'ON', 52, '/uploads/bucket_02_slim.jpg', '2026-03-20 21:41:56', '2026-04-08 23:49:58', 0);
INSERT INTO `product_spu` VALUES (5011, '经典直筒牛仔裤A', 1, '经典直筒版型，适合多数人。', 'ON', 96, '/uploads/bucket_05_denim.jpg', '2026-03-20 21:41:56', '2026-04-08 23:49:58', 0);
INSERT INTO `product_spu` VALUES (5012, '经典直筒牛仔裤B', 1, '百搭直筒版型，日常穿着稳定。', 'ON', 91, '/uploads/bucket_05_denim.jpg', '2026-03-20 21:41:56', '2026-04-08 23:49:58', 0);
INSERT INTO `product_spu` VALUES (5013, '通勤直筒长裤', 1, '通勤风格，版型稳定不挑人。', 'ON', 74, '/uploads/bucket_08_commute.jpg', '2026-03-20 21:41:56', '2026-04-08 23:50:00', 0);
INSERT INTO `product_spu` VALUES (5014, '商务直筒裤', 1, '更适合标准体型与通勤场景。', 'ON', 69, '/uploads/bucket_06_straight.jpg', '2026-03-20 21:41:56', '2026-04-08 23:49:58', 0);
INSERT INTO `product_spu` VALUES (5015, '基础款直筒裤', 1, '基础百搭，适合大多数腰围档位。', 'ON', 81, '/uploads/bucket_06_straight.jpg', '2026-03-20 21:41:56', '2026-04-08 23:49:58', 0);
INSERT INTO `product_spu` VALUES (5016, '日常直筒牛仔裤', 1, '日常百搭，穿着体验均衡。', 'ON', 77, '/uploads/bucket_05_denim.jpg', '2026-03-20 21:41:56', '2026-04-08 23:49:58', 0);
INSERT INTO `product_spu` VALUES (5017, '轻复古直筒牛仔裤', 1, '轻复古水洗效果，直筒更耐看。', 'ON', 62, '/uploads/bucket_05_denim.jpg', '2026-03-20 21:41:56', '2026-04-08 23:49:58', 0);
INSERT INTO `product_spu` VALUES (5018, '经典直脚长裤', 1, '裤型更顺直，适合标准腿型。', 'ON', 57, '/uploads/bucket_03_relaxed.jpg', '2026-03-20 21:41:56', '2026-04-08 23:49:58', 0);
INSERT INTO `product_spu` VALUES (5019, '秋季直筒休闲裤', 1, '适合秋季，通勤休闲两用。', 'ON', 60, '/uploads/bucket_06_straight.jpg', '2026-03-20 21:41:56', '2026-04-08 23:49:58', 0);
INSERT INTO `product_spu` VALUES (5020, '四季百搭直筒裤', 1, '四季都适合，风格更稳。', 'ON', 88, '/uploads/bucket_06_straight.jpg', '2026-03-20 21:41:56', '2026-04-08 23:49:58', 0);
INSERT INTO `product_spu` VALUES (5021, '宽松休闲裤A', 1, '偏宽松设计，舒适不紧绷。', 'ON', 73, '/uploads/bucket_03_relaxed.jpg', '2026-03-20 21:41:56', '2026-04-08 23:49:58', 0);
INSERT INTO `product_spu` VALUES (5022, '宽松休闲裤B', 1, '适合偏胖体型与宽松偏好用户。', 'ON', 76, '/uploads/bucket_03_relaxed.jpg', '2026-03-20 21:41:56', '2026-04-08 23:49:58', 0);
INSERT INTO `product_spu` VALUES (5023, '宽松直筒裤', 1, '腰臀空间更足，穿着更放松。', 'ON', 71, '/uploads/bucket_06_straight.jpg', '2026-03-20 21:41:56', '2026-04-08 23:49:58', 0);
INSERT INTO `product_spu` VALUES (5024, '舒适宽松工装裤', 1, '裤腿更宽松，适合偏胖体型。', 'ON', 78, '/uploads/bucket_04_cargo.jpg', '2026-03-20 21:41:56', '2026-04-08 23:49:58', 0);
INSERT INTO `product_spu` VALUES (5025, '潮流宽松休闲裤', 1, '更偏潮流风格，适合宽松穿搭。', 'ON', 66, '/uploads/bucket_03_relaxed.jpg', '2026-03-20 21:41:56', '2026-04-08 23:49:58', 0);
INSERT INTO `product_spu` VALUES (5026, '大码宽松长裤', 1, '适合大腰围用户，空间更充足。', 'ON', 69, '/uploads/bucket_03_relaxed.jpg', '2026-03-20 21:41:56', '2026-04-08 23:49:58', 0);
INSERT INTO `product_spu` VALUES (5027, '轻工装宽松裤', 1, '轻工装风格，适合休闲场景。', 'ON', 58, '/uploads/bucket_04_cargo.jpg', '2026-03-20 21:41:56', '2026-04-08 23:49:58', 0);
INSERT INTO `product_spu` VALUES (5028, '宽松锥形裤', 1, '上宽下收，舒适感更强。', 'ON', 55, '/uploads/bucket_03_relaxed.jpg', '2026-03-20 21:41:56', '2026-04-08 23:49:58', 0);
INSERT INTO `product_spu` VALUES (5029, '宽松直脚长裤', 1, '适合偏胖体型与大码需求。', 'ON', 61, '/uploads/bucket_03_relaxed.jpg', '2026-03-20 21:41:56', '2026-04-08 23:49:58', 0);
INSERT INTO `product_spu` VALUES (5030, '舒适大码休闲裤', 1, '更适合大腰围和宽松穿搭。', 'ON', 64, '/uploads/bucket_03_relaxed.jpg', '2026-03-20 21:41:56', '2026-04-08 23:49:58', 0);
INSERT INTO `product_spu` VALUES (5031, '多口袋工装裤A', 1, '多口袋设计，兼顾功能与休闲。', 'ON', 83, '/uploads/bucket_04_cargo.jpg', '2026-03-20 21:41:56', '2026-04-08 23:49:58', 0);
INSERT INTO `product_spu` VALUES (5032, '多口袋工装裤B', 1, '工装风格明显，适合休闲外穿。', 'ON', 79, '/uploads/bucket_04_cargo.jpg', '2026-03-20 21:41:56', '2026-04-08 23:49:58', 0);
INSERT INTO `product_spu` VALUES (5033, '工装束脚裤', 1, '裤脚收束，适合偏运动休闲风格。', 'ON', 70, '/uploads/bucket_04_cargo.jpg', '2026-03-20 21:41:56', '2026-04-08 23:49:58', 0);
INSERT INTO `product_spu` VALUES (5034, '工装直筒裤', 1, '工装元素更明显，适合日常穿搭。', 'ON', 68, '/uploads/bucket_04_cargo.jpg', '2026-03-20 21:41:56', '2026-04-08 23:49:58', 0);
INSERT INTO `product_spu` VALUES (5035, '城市工装裤', 1, '更适合城市休闲场景的工装裤。', 'ON', 63, '/uploads/bucket_04_cargo.jpg', '2026-03-20 21:41:56', '2026-04-08 23:49:58', 0);
INSERT INTO `product_spu` VALUES (5036, '户外工装长裤', 1, '适合通勤与轻户外场景。', 'ON', 58, '/uploads/bucket_04_cargo.jpg', '2026-03-20 21:41:56', '2026-04-08 23:49:58', 0);
INSERT INTO `product_spu` VALUES (5037, '宽松工装长裤', 1, '更偏宽松版型，穿着更舒适。', 'ON', 72, '/uploads/bucket_04_cargo.jpg', '2026-03-20 21:41:56', '2026-04-08 23:49:58', 0);
INSERT INTO `product_spu` VALUES (5038, '复古工装裤', 1, '复古风格，多口袋点缀。', 'ON', 56, '/uploads/bucket_04_cargo.jpg', '2026-03-20 21:41:56', '2026-04-08 23:49:58', 0);
INSERT INTO `product_spu` VALUES (5039, '工装宽腿裤', 1, '裤腿更宽，适合宽松风格用户。', 'ON', 51, '/uploads/bucket_04_cargo.jpg', '2026-03-20 21:41:56', '2026-04-08 23:49:58', 0);
INSERT INTO `product_spu` VALUES (5040, '工装休闲裤', 1, '工装与休闲结合，更容易日常穿搭。', 'ON', 67, '/uploads/bucket_04_cargo.jpg', '2026-03-20 21:41:56', '2026-04-08 23:49:58', 0);
INSERT INTO `product_spu` VALUES (5041, '加长直筒裤A', 1, '适合高个子与长腿型用户。', 'ON', 49, '/uploads/bucket_06_straight.jpg', '2026-03-20 21:41:56', '2026-04-08 23:49:58', 0);
INSERT INTO `product_spu` VALUES (5042, '加长直筒裤B', 1, '加长版型，适合高个用户。', 'ON', 53, '/uploads/bucket_06_straight.jpg', '2026-03-20 21:41:56', '2026-04-08 23:49:58', 0);
INSERT INTO `product_spu` VALUES (5043, '高个专属长裤', 1, '专为高个身材设计，裤长更长。', 'ON', 45, '/uploads/bucket_03_relaxed.jpg', '2026-03-20 21:41:56', '2026-04-08 23:49:58', 0);
INSERT INTO `product_spu` VALUES (5044, '加长商务长裤', 1, '适合高个子通勤场景。', 'ON', 41, '/uploads/bucket_03_relaxed.jpg', '2026-03-20 21:41:56', '2026-04-08 23:49:58', 0);
INSERT INTO `product_spu` VALUES (5045, '加长牛仔裤', 1, '裤长更长，适合腿长用户。', 'ON', 46, '/uploads/bucket_05_denim.jpg', '2026-03-20 21:41:56', '2026-04-08 23:49:58', 0);
INSERT INTO `product_spu` VALUES (5046, '高个直脚裤', 1, '适合高个和长腿体型。', 'ON', 38, '/uploads/bucket_03_relaxed.jpg', '2026-03-20 21:41:56', '2026-04-08 23:49:58', 0);
INSERT INTO `product_spu` VALUES (5047, '秋冬加长直筒裤', 1, '秋冬穿搭更合适，裤长更长。', 'ON', 42, '/uploads/bucket_06_straight.jpg', '2026-03-20 21:41:56', '2026-04-08 23:49:58', 0);
INSERT INTO `product_spu` VALUES (5048, '高个休闲长裤', 1, '适合高个体型的休闲选择。', 'ON', 37, '/uploads/bucket_03_relaxed.jpg', '2026-03-20 21:41:56', '2026-04-08 23:49:58', 0);
INSERT INTO `product_spu` VALUES (5049, '加长休闲裤', 1, '偏长裤长，更适合高个子。', 'ON', 35, '/uploads/bucket_03_relaxed.jpg', '2026-03-20 21:41:56', '2026-04-08 23:49:58', 0);
INSERT INTO `product_spu` VALUES (5050, '加长宽松裤', 1, '高个子宽松风格裤装。', 'ON', 39, '/uploads/bucket_03_relaxed.jpg', '2026-03-20 21:41:56', '2026-04-08 23:49:58', 0);
INSERT INTO `product_spu` VALUES (6101, '小个子九分修身裤', 1, '适合小个子、偏瘦体型，裤长更短更利落。', 'ON', 36, '/uploads/bucket_12_jiufen_small.jpg', '2026-03-20 22:34:29', '2026-04-08 23:55:34', 0);
INSERT INTO `product_spu` VALUES (6102, '超小腰围修身牛仔裤', 1, '适合腰围较细人群，版型偏修身。', 'ON', 28, '/uploads/bucket_05_denim.jpg', '2026-03-20 22:34:29', '2026-04-08 23:49:58', 0);
INSERT INTO `product_spu` VALUES (6103, '大腰围宽松休闲裤', 1, '适合大腰围人群，穿着更宽松舒适。', 'ON', 32, '/uploads/bucket_03_relaxed.jpg', '2026-03-20 22:34:29', '2026-04-08 23:49:58', 0);
INSERT INTO `product_spu` VALUES (6104, '加大码宽松工装裤', 1, '适合偏胖体型和大码人群，空间更充足。', 'ON', 26, '/uploads/bucket_04_cargo.jpg', '2026-03-20 22:34:29', '2026-04-08 23:49:58', 0);
INSERT INTO `product_spu` VALUES (6105, '超长裤长直筒裤', 1, '适合高个子与长腿用户，裤长明显更长。', 'ON', 24, '/uploads/bucket_06_straight.jpg', '2026-03-20 22:34:29', '2026-04-08 23:49:58', 0);
INSERT INTO `product_spu` VALUES (6106, '高个大码直筒裤', 1, '适合高个且腰围较大的人群。', 'ON', 21, '/uploads/bucket_06_straight.jpg', '2026-03-20 22:34:29', '2026-04-08 23:49:58', 0);
INSERT INTO `product_spu` VALUES (6107, '短裤长基础直筒裤', 1, '适合短腿型和小个子，裤长更短。', 'ON', 30, '/uploads/bucket_09_shortlen_basic.jpg', '2026-03-20 22:34:29', '2026-04-08 23:55:33', 0);
INSERT INTO `product_spu` VALUES (6108, '极细腰围九分裤', 2042180448225882000, '适合腰围很细、身材偏瘦的人群。', 'ON', 22, '/uploads/bucket_11_jiufen_slim.jpg', '2026-03-20 22:34:29', '2026-04-09 18:00:12', 0);
INSERT INTO `product_spu` VALUES (9201, '超小腰围修身牛仔裤', 1, '适合腰围极细、偏瘦人群，裤长较短，贴合小个子和瘦小型。', 'ON', 18, '/uploads/bucket_05_denim.jpg', '2026-03-21 00:50:51', '2026-04-08 23:49:58', 0);
INSERT INTO `product_spu` VALUES (9202, '极细腰九分牛仔裤', 1, '九分设计，适合小个子、短腿型与极细腰围人群。', 'ON', 16, '/uploads/bucket_05_denim.jpg', '2026-03-21 00:50:51', '2026-04-08 23:49:58', 0);
INSERT INTO `product_spu` VALUES (9203, '大腰围宽松休闲裤', 2042180448225882000, '面向大腰围与偏胖体型，穿着更舒适，不紧绷。', 'ON', 22, '/uploads/bucket_03_relaxed.jpg', '2026-03-21 00:50:51', '2026-04-09 17:59:10', 0);
INSERT INTO `product_spu` VALUES (9204, '大腰围直筒工装裤', 1, '大腰围直筒版型，兼顾工装风格与舒适穿着。', 'ON', 19, '/uploads/bucket_04_cargo.jpg', '2026-03-21 00:50:51', '2026-04-08 23:49:58', 0);
INSERT INTO `product_spu` VALUES (9205, '超短裤长基础直筒裤', 2042180448225882000, '裤长更短，适合短腿型、小个子、九分穿搭需求。', 'ON', 20, '/uploads/bucket_10_shortlen_extra.jpg', '2026-03-21 00:50:51', '2026-04-09 17:59:25', 0);
INSERT INTO `product_spu` VALUES (9206, '超长裤长高个直筒裤', 1, '裤长加长，适合高个子、长腿型用户。', 'ON', 24, '/uploads/bucket_06_straight.jpg', '2026-03-21 00:50:51', '2026-04-08 23:49:58', 0);
INSERT INTO `product_spu` VALUES (9207, '瘦高型修身长裤', 2042180663662112800, '适合瘦高人群，腰围偏细，裤长偏长。', 'ON', 21, '/uploads/bucket_02_slim.jpg', '2026-03-21 00:50:51', '2026-04-09 18:00:00', 0);
INSERT INTO `product_spu` VALUES (9208, '偏胖舒适休闲裤', 1, '适合腰围偏大、偏胖型用户，宽松舒适。', 'ON', 23, '/uploads/bucket_03_relaxed.jpg', '2026-03-21 00:50:51', '2026-04-08 23:49:58', 0);
INSERT INTO `product_spu` VALUES (2030695782251810818, '裤子', 1, '不错', 'ON', 0, '/uploads/bucket_03_relaxed.jpg', '2026-03-09 01:22:58', '2026-04-08 23:49:58', 0);
INSERT INTO `product_spu` VALUES (2031326243848249346, '直筒牛仔裤', 1, '1111', 'ON', 0, NULL, '2026-03-10 19:08:11', '2026-03-11 01:24:24', 1);
INSERT INTO `product_spu` VALUES (2031461708815462401, '顶冬季', 2, 'auv', 'ON', 0, '/uploads/bucket_04_cargo.jpg', '2026-03-11 04:06:29', '2026-04-08 23:49:58', 0);
INSERT INTO `product_spu` VALUES (2031529721216385026, '123', 1, '你好我是', 'ON', 0, '/uploads/bucket_03_relaxed.jpg', '2026-03-11 08:36:44', '2026-04-08 23:49:58', 0);
INSERT INTO `product_spu` VALUES (2034174281692221442, '大狗叫', 2, '版本回归！', 'ON', 0, '/uploads/bucket_04_cargo.jpg', '2026-03-18 15:45:17', '2026-04-08 23:49:58', 0);
INSERT INTO `product_spu` VALUES (2040967388228325377, '直筒九分裤', 2031456806529724400, '舒适休闲百搭的直筒裤', 'ON', 0, '/uploads/bucket_03_relaxed.jpg', '2026-04-06 09:38:39', '2026-04-09 18:01:12', 0);
INSERT INTO `product_spu` VALUES (2044990946482946050, '111', 2042180663662112800, '1111111', 'ON', 0, '/uploads/3da1bf60-c42e-4c7f-a3c2-313146483005_55a98bfd048b61c654c00ca69563acf3.png', '2026-04-17 12:06:50', '2026-04-17 12:07:17', 1);
INSERT INTO `product_spu` VALUES (2045152234332786690, '111', 2, '111', 'ON', 0, '/uploads/baac24d7-f75f-46da-92ef-a75d2395152d_20211206171538_6d442.png', '2026-04-17 22:47:44', '2026-04-17 22:48:00', 1);

-- ----------------------------
-- Table structure for review
-- ----------------------------
DROP TABLE IF EXISTS `review`;
CREATE TABLE `review`  (
  `id` bigint NOT NULL AUTO_INCREMENT,
  `user_id` bigint NOT NULL,
  `order_id` bigint NOT NULL,
  `spu_id` bigint NOT NULL,
  `sku_id` bigint NOT NULL,
  `rating` int NOT NULL,
  `content` varchar(512) CHARACTER SET utf8mb4 COLLATE utf8mb4_0900_ai_ci NULL DEFAULT NULL,
  `created_at` datetime NULL DEFAULT CURRENT_TIMESTAMP,
  `updated_at` datetime NULL DEFAULT CURRENT_TIMESTAMP ON UPDATE CURRENT_TIMESTAMP,
  `deleted` tinyint NULL DEFAULT 0,
  `size_feel` varchar(16) CHARACTER SET utf8mb4 COLLATE utf8mb4_0900_ai_ci NULL DEFAULT NULL COMMENT '尺码感受',
  `length_feel` varchar(16) CHARACTER SET utf8mb4 COLLATE utf8mb4_0900_ai_ci NULL DEFAULT NULL COMMENT '裤长感受',
  `fit_feel` varchar(16) CHARACTER SET utf8mb4 COLLATE utf8mb4_0900_ai_ci NULL DEFAULT NULL COMMENT '版型感受',
  `fabric_feel` varchar(16) CHARACTER SET utf8mb4 COLLATE utf8mb4_0900_ai_ci NULL DEFAULT NULL COMMENT '面料感受',
  `purchase_size` varchar(32) CHARACTER SET utf8mb4 COLLATE utf8mb4_0900_ai_ci NULL DEFAULT NULL COMMENT '购买尺码',
  `anonymous` tinyint(1) NULL DEFAULT 0 COMMENT '是否匿名评价：0否 1是',
  `images` varchar(1024) CHARACTER SET utf8mb4 COLLATE utf8mb4_0900_ai_ci NULL DEFAULT NULL COMMENT '评价图片，多个图片URL用英文逗号分隔',
  PRIMARY KEY (`id`) USING BTREE
) ENGINE = InnoDB AUTO_INCREMENT = 2040904637212651522 CHARACTER SET = utf8mb4 COLLATE = utf8mb4_0900_ai_ci ROW_FORMAT = DYNAMIC;

-- ----------------------------
-- Records of review
-- ----------------------------
INSERT INTO `review` VALUES (2037148425908248578, 2030576699044843522, 2034264498650492930, 2031529721216385026, 2033152984648515585, 5, '穿着还挺舒服', '2026-03-26 20:43:28', '2026-03-26 20:43:28', 0, NULL, NULL, NULL, NULL, NULL, 0, NULL);
INSERT INTO `review` VALUES (2038668214627487745, 2030576699044843522, 2034264120366215170, 2034174281692221442, 2034174281759330305, 5, '一般般', '2026-03-31 01:22:34', '2026-03-31 01:22:34', 0, NULL, NULL, NULL, NULL, NULL, 0, NULL);
INSERT INTO `review` VALUES (2038681608369754114, 2030576699044843522, 2034174718826778626, 2034174281692221442, 2034174281759330305, 5, '哟西', '2026-03-31 02:15:47', '2026-03-31 02:15:47', 0, NULL, NULL, NULL, NULL, NULL, 0, NULL);
INSERT INTO `review` VALUES (2038688573175119874, 2030576699044843522, 2034264423996076034, 2031529721216385026, 2033152984648515585, 4, '', '2026-03-31 02:43:28', '2026-03-31 02:43:28', 0, NULL, NULL, NULL, NULL, NULL, 0, NULL);
INSERT INTO `review` VALUES (2038893359765950466, 2030576699044843522, 2038888660136398850, 9203, 920301, 5, '', '2026-03-31 16:17:12', '2026-03-31 16:17:12', 0, '偏大', '合适', NULL, '偏硬', 'XL', 0, NULL);
INSERT INTO `review` VALUES (2039397560816238593, 2030576699044843522, 2039397207752310785, 2031529721216385026, 2033152984648515585, 5, '', '2026-04-02 01:40:43', '2026-04-02 01:40:43', 0, '合适', '合适', '合适', '适中', 'L', 0, NULL);
INSERT INTO `review` VALUES (2039398181569036290, 2030576699044843522, 2039397637026742273, 2031529721216385026, 2033152984648515585, 5, '', '2026-04-02 01:43:11', '2026-04-02 01:43:11', 0, '偏小', '偏短', '修身', '偏硬', 'L', 1, '/uploads/b983e8f7-e25d-495b-9fa4-87b384ca46c2_叮咚鸡.webp');
INSERT INTO `review` VALUES (2039398996283228162, 2030576699044843522, 2039398439065747458, 9203, 920302, 5, '', '2026-04-02 01:46:26', '2026-04-02 01:46:26', 0, NULL, NULL, NULL, NULL, 'XXL', 0, '/uploads/45614fc5-6755-431d-83fc-81794e7f0f9e_test.jpg,/uploads/bde56f2b-2206-499e-8f94-c01804d38fc5_叮咚鸡.webp');
INSERT INTO `review` VALUES (2039399194963214337, 2030576699044843522, 2039398439065747458, 9207, 920702, 5, '', '2026-04-02 01:47:13', '2026-04-02 01:47:13', 0, NULL, NULL, NULL, NULL, 'M', 0, '/uploads/97d83bc6-d365-4055-b010-c09f7ee303eb_叮咚鸡.webp,/uploads/a2ce7f39-6471-4ba4-95a6-7686ef900732_test.jpg,/uploads/1c8aab83-2a9c-4918-a723-6212d056fc2f_体测成绩.png');
INSERT INTO `review` VALUES (2040904637212651521, 2030576699044843522, 2040903960935657473, 9202, 920203, 3, '', '2026-04-06 05:29:18', '2026-04-06 05:29:18', 0, NULL, NULL, NULL, NULL, 'M', 0, NULL);
INSERT INTO `review` VALUES (2044999396625502209, 2030576699044843522, 2040946569771085825, 9207, 920703, 5, '', '2026-04-17 12:40:25', '2026-04-17 12:40:25', 0, '合适', '偏短', '合适', '偏硬', 'L', 1, NULL);

-- ----------------------------
-- Table structure for user
-- ----------------------------
DROP TABLE IF EXISTS `user`;
CREATE TABLE `user`  (
  `id` bigint NOT NULL AUTO_INCREMENT,
  `username` varchar(64) CHARACTER SET utf8mb4 COLLATE utf8mb4_0900_ai_ci NOT NULL,
  `password` varchar(255) CHARACTER SET utf8mb4 COLLATE utf8mb4_0900_ai_ci NOT NULL,
  `role` varchar(16) CHARACTER SET utf8mb4 COLLATE utf8mb4_0900_ai_ci NOT NULL,
  `status` varchar(16) CHARACTER SET utf8mb4 COLLATE utf8mb4_0900_ai_ci NOT NULL,
  `nickname` varchar(64) CHARACTER SET utf8mb4 COLLATE utf8mb4_0900_ai_ci NULL DEFAULT NULL,
  `created_at` datetime NULL DEFAULT CURRENT_TIMESTAMP,
  `updated_at` datetime NULL DEFAULT CURRENT_TIMESTAMP ON UPDATE CURRENT_TIMESTAMP,
  `deleted` tinyint NULL DEFAULT 0,
  `height_cm` int NULL DEFAULT NULL,
  `waist_cm` int NULL DEFAULT NULL,
  `leg_length_cm` int NULL DEFAULT NULL,
  PRIMARY KEY (`id`) USING BTREE,
  UNIQUE INDEX `uk_user_username_deleted`(`username`, `deleted`) USING BTREE
) ENGINE = InnoDB AUTO_INCREMENT = 2041424985891360771 CHARACTER SET = utf8mb4 COLLATE = utf8mb4_0900_ai_ci ROW_FORMAT = DYNAMIC;

-- ----------------------------
-- Records of user
-- ----------------------------
INSERT INTO `user` VALUES (1, 'admin', '$2a$10$fMdiGp3OTl6S7N0iTO4B.OPD4.lJDNx4vIokgTt/KUvoMUiKF7WgG', 'ADMIN', 'NORMAL', '管理员', '2026-03-02 22:04:05', '2026-03-04 22:57:23', 0, 175, 76, 100);
INSERT INTO `user` VALUES (2030576699044843522, 'user1', '$2a$10$71R61QYK.u9VycfqYD0jFu/nX9Pq4sShRTfbwjM5FZmj1zrTiJH7i', 'USER', 'NORMAL', '袋鼠鸡111', '2026-03-08 17:29:46', '2026-04-17 01:15:10', 0, 182, 90, 90);
INSERT INTO `user` VALUES (2041424985891360770, 'zzh', '$2a$10$rgiDuFoVTS0j0nr7ivckT.QrU9Fo/E6mJZQ1Vk/AGOkbDdYrVDPIi', 'USER', 'NORMAL', NULL, '2026-04-07 15:56:59', '2026-04-07 15:56:59', 0, NULL, NULL, NULL);

-- ----------------------------
-- Table structure for user_body_profile
-- ----------------------------
DROP TABLE IF EXISTS `user_body_profile`;
CREATE TABLE `user_body_profile`  (
  `id` bigint NOT NULL,
  `user_id` bigint NOT NULL,
  `name` varchar(50) CHARACTER SET utf8mb4 COLLATE utf8mb4_general_ci NOT NULL,
  `height_cm` int NULL DEFAULT NULL,
  `weight_kg` decimal(5, 2) NULL DEFAULT NULL,
  `waist_cm` int NULL DEFAULT NULL,
  `leg_length_cm` int NULL DEFAULT NULL,
  `created_at` datetime NULL DEFAULT NULL,
  `updated_at` datetime NULL DEFAULT NULL,
  `deleted` tinyint NULL DEFAULT 0,
  PRIMARY KEY (`id`) USING BTREE
) ENGINE = InnoDB CHARACTER SET = utf8mb4 COLLATE = utf8mb4_general_ci ROW_FORMAT = DYNAMIC;

-- ----------------------------
-- Records of user_body_profile
-- ----------------------------
INSERT INTO `user_body_profile` VALUES (30001, 2030576699044843522, '瘦小型', 160, 50.00, 70, 88, NULL, NULL, 0);
INSERT INTO `user_body_profile` VALUES (30002, 2030576699044843522, '标准型', 170, 65.00, 78, 95, NULL, NULL, 0);
INSERT INTO `user_body_profile` VALUES (30003, 2030576699044843522, '偏胖型', 172, 80.00, 88, 98, NULL, NULL, 0);
INSERT INTO `user_body_profile` VALUES (30004, 2030576699044843522, '高瘦型', 182, 68.00, 76, 105, NULL, NULL, 0);
INSERT INTO `user_body_profile` VALUES (30005, 2030576699044843522, '高大型', 185, 90.00, 92, 108, NULL, NULL, 0);
INSERT INTO `user_body_profile` VALUES (30006, 2030576699044843522, '矮胖型', 165, 78.00, 90, 92, NULL, NULL, 0);
INSERT INTO `user_body_profile` VALUES (30007, 2030576699044843522, '女生小码', 158, 48.00, 68, 85, NULL, NULL, 0);
INSERT INTO `user_body_profile` VALUES (30008, 2030576699044843522, '运动型', 175, 75.00, 82, 100, NULL, NULL, 0);
INSERT INTO `user_body_profile` VALUES (30009, 2030576699044843522, '宽松偏好', 178, 85.00, 90, 102, NULL, NULL, 0);
INSERT INTO `user_body_profile` VALUES (30010, 2030576699044843522, '修身偏好', 170, 60.00, 74, 96, NULL, NULL, 0);
INSERT INTO `user_body_profile` VALUES (40001, 2030576699044843522, '极瘦', 175, 45.00, 65, 100, NULL, NULL, 0);
INSERT INTO `user_body_profile` VALUES (40002, 2030576699044843522, '极胖', 170, 110.00, 110, 95, NULL, NULL, 0);
INSERT INTO `user_body_profile` VALUES (40003, 2030576699044843522, '短腿型', 170, 65.00, 78, 85, NULL, NULL, 0);
INSERT INTO `user_body_profile` VALUES (40004, 2030576699044843522, '长腿型', 170, 65.00, 78, 110, NULL, NULL, 0);
INSERT INTO `user_body_profile` VALUES (40005, 2030576699044843522, '腰极细', 168, 55.00, 60, 95, NULL, NULL, 0);
INSERT INTO `user_body_profile` VALUES (40006, 2030576699044843522, '腰极粗', 168, 85.00, 105, 95, NULL, NULL, 0);
INSERT INTO `user_body_profile` VALUES (2034632377346617346, 2030576699044843522, '1', 2, 3.00, 4, 5, '2026-03-19 22:05:35', '2026-03-19 23:18:26', 1);
INSERT INTO `user_body_profile` VALUES (2034635492904988673, 2030576699044843522, '12', 23, 34.00, 45, 56, '2026-03-19 22:17:58', '2026-03-19 23:18:23', 1);
INSERT INTO `user_body_profile` VALUES (2034977479281606658, 2030576699044843522, '我', 166, 73.00, 80, 90, '2026-03-20 20:56:54', '2026-03-20 20:56:54', 0);
INSERT INTO `user_body_profile` VALUES (2041427032820764674, 2041424985891360770, 'sefdrgdh', 190, 90.00, 45, 120, '2026-04-07 16:05:07', '2026-04-07 16:05:07', 0);

SET FOREIGN_KEY_CHECKS = 1;
